,,10,130,20300,ARRENDAMIENTO MAQUIN. INSTALAC. Y UTILL.,16000.0,0.0,16000.0,0.0,0.0
,,10,130,22000,Ordinario no inventariable.,1000.0,0.0,1000.0,60.5,0.0
,,10,130,22001,"Prensa, revistas, libros y otras publicaciones.",500.0,0.0,500.0,52.0,0.0
,,10,130,22199,Otros suministros.,500.0,0.0,500.0,0.0,0.0
,,10,130,22615,CURSOS Y RECICLAJE DE VOLUNTARIOS,8000.0,0.0,8000.0,1549.97,0.0
,,10,130,22699,Otros gastos diversos,1600.0,0.0,1600.0,404.14,0.0
,,10,130,22701,Seguridad.,12000.0,0.0,12000.0,0.0,0.0
,,10,130,22799,Otros trabajos realizados por otras empresas y profes.,30000.0,0.0,30000.0,0.0,0.0
,,10,130,27000,GASTOS IMPREVISTOS Y FUNCIONES NO CLASIFICADAS,1.0,0.0,1.0,0.0,0.0
,,10,130,62300,"INV.NUEVA MAQUINARIA, INSTALACIONES Y UTILLAJE",500.0,0.0,500.0,0.0,0.0
,,10,130,62500,INV.NUEVA MOBILIARIO Y ENSERES,500.0,0.0,500.0,0.0,0.0
,,10,132,20200,ARRENDAMIENTOS EDIFICIOS Y OTRAS CONSTR.,24016.05,0.0,24016.05,8064.16,0.0
,,10,132,20401,ARREND.MATERIAL TRANSPORTE PARQUE MOVIL,199905.48,0.0,199905.48,70454.76,0.0
,,10,132,21200,REPARAC. MANTENI. EDIFICIOS Y O.CONSTRUC,10000.0,0.0,10000.0,547.06,0.0
,,10,132,21300,"REPARAC. MANTEN, Y CONS.  MAQUIN.,INST. Y UTILLAJE.",30000.0,0.0,30000.0,3110.67,0.0
,,10,132,21400,REPARAC. MANTEN. Y CONSERV.  MATERIAL TRANSPORTE,65000.0,0.0,65000.0,33238.39,0.0
,,10,132,22000,Ordinario no inventariable.,18000.0,0.0,18000.0,6119.54,0.0
,,10,132,22104,Vestuario.,100000.0,0.0,100000.0,1066.12,0.0
,,10,132,22111,"Sumin. de repuestos de maquinaria, utillaje y elemtos tpte.",2800.0,0.0,2800.0,1433.72,0.0
,,10,132,22199,Otros suministros.,35311.0,0.0,35311.0,4825.92,0.0
,,10,132,22500,Tributos estatales.,300.0,0.0,300.0,14.94,0.0
,,10,132,22501,Tributos de las Comunidades Autónomas.,3800.0,0.0,3800.0,2328.73,0.0
,,10,132,22602,Publicidad y propaganda.,1000.0,0.0,1000.0,229.78,0.0
,,10,132,22610,"MATRICULACIONES, ITV Y OTROS GASTOS PARQUE MOVIL",1800.0,0.0,1800.0,1035.33,0.0
,,10,132,22699,Otros gastos diversos,3000.0,0.0,3000.0,251.68,0.0
,,10,132,22700,Limpieza y aseo.,91874.04,0.0,91874.04,30525.39,0.0
,,10,132,22706,Estudios y trabajos técnicos.,5000.0,0.0,5000.0,2595.45,0.0
,,10,132,22799,Otros trabajos realizados por otras empresas y profes.,136663.9,0.0,136663.9,2320.75,0.0
,,10,132,62300,"INV.NUEVA MAQUINARIA, INSTALACIONES Y UTILLAJE",91800.0,0.0,91800.0,974.45,0.0
,,10,132,62400,INV.NUEVA MATERIAL DE TRANSPORTE,22000.0,0.0,22000.0,0.0,0.0
,,10,132,6240016,REM./16 INV.NUEVA MATERIAL DE TRANSPORTE,0.0,50000.0,50000.0,0.0,43719.28
,,10,132,62500,INV.NUEVA MOBILIARIO Y ENSERES,9900.0,0.0,9900.0,0.0,0.0
,,10,135,20300,ARRENDAMIENTO MAQUIN. INSTALAC. Y UTILL.,400.0,0.0,400.0,133.59,0.0
,,10,135,21200,REPARAC. MANTENI. EDIFICIOS Y O.CONSTRUC,3000.0,0.0,3000.0,0.0,0.0
,,10,135,21300,"REPARAC. MANTEN, Y CONS.  MAQUIN.,INST. Y UTILLAJE.",2500.0,0.0,2500.0,0.0,0.0
,,10,135,21400,REPARAC. MANTEN. Y CONSERV.  MATERIAL TRANSPORTE,11000.0,0.0,11000.0,7112.53,0.0
,,10,135,21500,"REP.,MANT. Y CONSERV. MOBILIARIO Y ENSERES",1000.0,0.0,1000.0,360.82,0.0
,,10,135,22000,Ordinario no inventariable.,700.0,0.0,700.0,152.02,0.0
,,10,135,22103,Combustibles y carburantes.,2000.0,0.0,2000.0,0.0,0.0
,,10,135,22104,Vestuario.,6000.0,0.0,6000.0,1556.36,0.0
,,10,135,22106,Productos farmacéuticos y material sanitario.,800.0,0.0,800.0,342.01,0.0
,,10,135,22110,Productos de limpieza y aseo.,250.0,0.0,250.0,0.0,0.0
,,10,135,22111,"Sumin. de repuestos de maquinaria, utillaje y elemtos tpte.",1000.0,0.0,1000.0,32.77,0.0
,,10,135,22199,Otros suministros.,4000.0,0.0,4000.0,811.01,0.0
,,10,135,22400,PRIMAS DE SEGUROS,4300.0,0.0,4300.0,0.0,0.0
,,10,135,22500,Tributos estatales.,800.0,0.0,800.0,18.29,0.0
,,10,135,22501,Tributos de las Comunidades Autónomas.,100.0,0.0,100.0,110.51,0.0
,,10,135,22606,"Reuniones, conferencias y cursos.",4000.0,0.0,4000.0,0.0,0.0
,,10,135,22610,"MATRICULACIONES, ITV Y OTROS GASTOS PARQUE MOVIL",1000.0,0.0,1000.0,419.54,0.0
,,10,135,22699,Otros gastos diversos,5000.0,0.0,5000.0,390.45,0.0
,,10,135,22799,Otros trabajos realizados por otras empresas y profes.,410630.75,0.0,410630.75,0.0,0.0
,,10,135,62300,"INV.NUEVA MAQUINARIA, INSTALACIONES Y UTILLAJE",7000.0,0.0,7000.0,1289.03,0.0
,,10,135,62400,INV.NUEVA MATERIAL DE TRANSPORTE,21700.0,0.0,21700.0,0.0,0.0
,,10,135,62500,INV.NUEVA MOBILIARIO Y ENSERES,6800.0,0.0,6800.0,0.0,0.0
,,10,136,20300,ARRENDAMIENTO MAQUIN. INSTALAC. Y UTILL.,1500.0,0.0,1500.0,0.0,0.0
,,10,136,21200,REPARAC. MANTENI. EDIFICIOS Y O.CONSTRUC,9000.0,0.0,9000.0,1575.02,0.0
,,10,136,21300,"REPARAC. MANTEN, Y CONS.  MAQUIN.,INST. Y UTILLAJE.",22000.0,0.0,22000.0,6157.24,0.0
,,10,136,21400,REPARAC. MANTEN. Y CONSERV.  MATERIAL TRANSPORTE,91100.0,0.0,91100.0,25878.6,0.0
,,10,136,21500,"REP.,MANT. Y CONSERV. MOBILIARIO Y ENSERES",200.0,0.0,200.0,0.0,0.0
,,10,136,22000,Ordinario no inventariable.,100.0,0.0,100.0,0.0,0.0
,,10,136,22103,Combustibles y carburantes.,28000.0,0.0,28000.0,4690.0,0.0
,,10,136,22104,Vestuario.,25000.0,0.0,25000.0,2925.78,0.0
,,10,136,22106,Productos farmacéuticos y material sanitario.,4000.0,0.0,4000.0,0.0,0.0
,,10,136,22110,Productos de limpieza y aseo.,3000.0,0.0,3000.0,424.3,0.0
,,10,136,22111,"Sumin. de repuestos de maquinaria, utillaje y elemtos tpte.",5000.0,0.0,5000.0,0.0,0.0
,,10,136,22199,Otros suministros.,20000.0,0.0,20000.0,4736.94,0.0
,,10,136,22500,Tributos estatales.,1000.0,0.0,1000.0,0.0,0.0
,,10,136,22602,Publicidad y propaganda.,300.0,0.0,300.0,0.0,0.0
,,10,136,22610,"MATRICULACIONES, ITV Y OTROS GASTOS PARQUE MOVIL",2460.0,0.0,2460.0,817.74,0.0
,,10,136,22699,Otros gastos diversos,1000.0,0.0,1000.0,31.15,0.0
,,10,136,22700,Limpieza y aseo.,40380.0,0.0,40380.0,9957.99,0.0
,,10,136,22799,Otros trabajos realizados por otras empresas y profes.,49888.4,0.0,49888.4,9539.62,0.0
,,10,136,6220011,REM./11 INV.NUEVA EDIFICIOS Y OTRAS CONSTRUCCIONES,0.0,10213.08,10213.08,0.0,10213.08
,,10,136,6220014,REM14./ INV.NUEVA EDIFICIOS Y OTRAS CONSTRUCCIONES,0.0,100000.0,100000.0,0.0,100000.0
,,10,136,6220015,REM./15 INV.NUEVA EDIFICIOS Y OTRAS CONSTRUCCIONES,0.0,90000.0,90000.0,0.0,90000.0
,,10,136,62300,"INV.NUEVA MAQUINARIA, INSTALACIONES Y UTILLAJE",370366.67,0.0,370366.67,0.0,0.0
,,10,136,6230012,"REM./12 INV.NUEVA MAQUINARIA, INSTALACIONES Y UTILLAJE",0.0,72334.08,72334.08,0.0,72334.08
,,10,136,6230013,"REM./13 INV.NUEVA MAQUINARIA, INSTALACIONES Y UTILLAJE",0.0,74016.0,74016.0,0.0,0.0
,,10,136,6230014,"REM14./ INV.NUEVA MAQUINARIA, INSTALACIONES Y UTILLAJE",0.0,6166.37,6166.37,0.0,6166.37
,,10,136,6230015,"REM./15 INV.NUEVA MAQUINARIA, INSTALACIONES Y UTILLAJE",0.0,344531.75,344531.75,0.0,130662.92
,,10,136,6230016,"REM./16 INV.NUEVA MAQUINARIA, INSTALACIONES Y UTILLAJE",0.0,514223.35,514223.35,0.0,464223.35
,,10,136,62400,INV.NUEVA MATERIAL DE TRANSPORTE,496854.25,0.0,496854.25,0.0,0.0
,,10,136,6240014,REM14./ INV.NUEVA MATERIAL DE TRANSPORTE,0.0,900000.0,900000.0,0.0,48980.0
,,10,136,6240015,REM./15 INV.NUEVA MATERIAL DE TRANSPORTE,0.0,350000.0,350000.0,0.0,350000.0
,,10,136,6240016,REM./16 INV.NUEVA MATERIAL DE TRANSPORTE,0.0,489000.0,489000.0,0.0,489000.0
,,10,136,63200,INV.REPOS.EDIFICIOS Y OTRAS CONSTRUCCIONES,270188.89,0.0,270188.89,0.0,0.0
,,10,136,6320010,REM./10 EDIFICIOS Y OTRAS CONSTRUCCIONES,0.0,14696.41,14696.41,0.0,14696.41
,,10,136,6320015,REM./15 INV.REPOS.EDIFICIOS Y OTRAS CONSTRUCCIONES,0.0,168441.64,168441.64,0.0,168441.64
,,10,334,22606,"Reuniones, conferencias y cursos.",6100.0,0.0,6100.0,0.0,0.0
,,10,334,22620,ACTIVIDADES DE FOMENTO DE LA LENGUA GALLEGA,93900.0,0.0,93900.0,10287.64,0.0
,,10,462,45100,A Organismos Autónomos y agencias de las CC.AA.,70000.0,0.0,70000.0,0.0,0.0
,,10,912,10000,Retribuciones básicas.,667469.41,0.0,667469.41,276070.21,0.0
,,10,912,15000,PRODUCTIVIDAD,79060.01,0.0,79060.01,30692.05,0.0
,,10,912,16000,Seguridad Social.,186607.16,0.0,186607.16,73903.54,0.0
,,10,912,22601,Atenciones protocolarias y representativas.,16000.0,0.0,16000.0,2376.0,0.0
,,10,912,22606,"Reuniones, conferencias y cursos.",4000.0,0.0,4000.0,0.0,0.0
,,10,912,22699,Otros gastos diversos,40000.0,0.0,40000.0,12964.51,0.0
,,10,912,23000,De los miembros de los órganos de gobierno.,12000.0,0.0,12000.0,1948.94,0.0
,,10,912,23100,De los miembros de los órganos de gobierno.,20000.0,0.0,20000.0,2858.72,0.0
,,10,912,48923,DOTACION ECONOMICA GRUPOS POLITICOS MUNICIPALES,95781.6,0.0,95781.6,47890.8,0.0
,,10,912,83001,ANTICIPOS MIEMBROS CORPORACIÓN,1.0,0.0,1.0,0.0,0.0
,,10,920,22605,RELACIONES PUBLICAS,22000.0,0.0,22000.0,207.0,0.0
,,10,920,68900,OTROS GASTOS  EN INVERSIONES DE BIENES PATRIMONIALES,60500.0,0.0,60500.0,0.0,0.0
,,10,922,22746,CONTRATOS ASISTENCIA EN PLANIFICACIÓN Y CONTROL,279400.0,0.0,279400.0,11616.0,0.0
,,10,922,48918,CUOTAS ASOCIACIONES MUNICIPIOS (FEMP...),87980.0,0.0,87980.0,52128.88,0.0
,,20,011,31000,INTERESES,414348.18,0.0,414348.18,55261.28,0.0
,,20,011,31001,PREVISIÓN INTERESES PTMO. FINANC. PPTO. EJERCICIO,24060.0,0.0,24060.0,0.0,0.0
,,20,011,35200,INTERESES DE DEMORA,1.0,0.0,1.0,0.0,0.0
,,20,011,91300,AMORT.PREST.M-L PLAZO ENTES FUERA S.PUB.,8651431.65,0.0,8651431.65,1823517.13,0.0
,,20,132,12000,Sueldos del Grupo A1.,59889.85,0.0,59889.85,21581.55,0.0
,,20,132,12001,Sueldos del Grupo A2.,267172.14,0.0,267172.14,88269.01,0.0
,,20,132,12003,Sueldos del Grupo C1.,3440207.27,0.0,3440207.27,1131755.92,0.0
,,20,132,12006,Trienios.,782564.97,0.0,782564.97,258646.38,0.0
,,20,132,12100,Complemento de destino.,1909881.18,0.0,1909881.18,616940.25,0.0
,,20,132,12101,Complemento específico.,4756513.02,0.0,4756513.02,1770802.31,0.0
,,20,132,15102,GRATIFICACIONES PERS. FUNCIONARIO,260000.0,0.0,260000.0,110548.88,0.0
,,20,132,16000,Seguridad Social.,3011438.49,0.0,3011438.49,1302628.99,0.0
,,20,134,12000,Sueldos del Grupo A1.,67376.08,0.0,67376.08,22776.38,0.0
,,20,134,12001,Sueldos del Grupo A2.,43886.52,0.0,43886.52,17143.69,0.0
,,20,134,12003,Sueldos del Grupo C1.,42327.32,0.0,42327.32,14544.6,0.0
,,20,134,12004,Sueldos del Grupo C2.,175215.23,0.0,175215.23,52972.54,0.0
,,20,134,12006,Trienios.,66878.0,0.0,66878.0,21500.34,0.0
,,20,134,12100,Complemento de destino.,185832.37,0.0,185832.37,61370.37,0.0
,,20,134,12101,Complemento específico.,327444.86,0.0,327444.86,141230.54,0.0
,,20,134,13000,Retribuciones básicas.,9686.87,0.0,9686.87,2695.08,0.0
,,20,134,13002,Otras remuneraciones.,9076.47,0.0,9076.47,3708.13,0.0
,,20,134,16000,Seguridad Social.,240089.84,0.0,240089.84,103227.71,0.0
,,20,135,12001,Sueldos del Grupo A2.,39497.87,0.0,39497.87,2905.71,0.0
,,20,135,12003,Sueldos del Grupo C1.,10083.66,0.0,10083.66,3119.58,0.0
,,20,135,12004,Sueldos del Grupo C2.,8547.08,0.0,8547.08,3026.25,0.0
,,20,135,12006,Trienios.,8474.49,0.0,8474.49,1730.5,0.0
,,20,135,12100,Complemento de destino.,30236.98,0.0,30236.98,5213.1,0.0
,,20,135,12101,Complemento específico.,66875.56,0.0,66875.56,21593.96,0.0
,,20,135,16000,Seguridad Social.,44737.95,0.0,44737.95,11012.1,0.0
,,20,136,12000,Sueldos del Grupo A1.,1247.69,0.0,1247.69,0.0,0.0
,,20,136,12003,Sueldos del Grupo C1.,75195.21,0.0,75195.21,35028.24,0.0
,,20,136,12004,Sueldos del Grupo C2.,786330.77,0.0,786330.77,258182.83,0.0
,,20,136,12006,Trienios.,127859.79,0.0,127859.79,41644.23,0.0
,,20,136,12100,Complemento de destino.,518016.23,0.0,518016.23,172024.24,0.0
,,20,136,12101,Complemento específico.,1305250.07,0.0,1305250.07,469425.87,0.0
,,20,136,15102,GRATIFICACIONES PERS. FUNCIONARIO,276539.6,0.0,276539.6,174024.6,0.0
,,20,136,16000,Seguridad Social.,867899.73,0.0,867899.73,441881.89,0.0
,,20,151,12000,Sueldos del Grupo A1.,349357.41,0.0,349357.41,112591.15,0.0
,,20,151,12001,Sueldos del Grupo A2.,197489.34,0.0,197489.34,62692.17,0.0
,,20,151,12003,Sueldos del Grupo C1.,110920.24,0.0,110920.24,40991.53,0.0
,,20,151,12004,Sueldos del Grupo C2.,178779.99,0.0,178779.99,52957.58,0.0
,,20,151,12006,Trienios.,147508.86,0.0,147508.86,50745.41,0.0
,,20,151,12100,Complemento de destino.,481116.1,0.0,481116.1,150339.22,0.0
,,20,151,12101,Complemento específico.,799388.65,0.0,799388.65,278561.48,0.0
,,20,151,13000,Retribuciones básicas.,26824.02,0.0,26824.02,9558.18,0.0
,,20,151,13002,Otras remuneraciones.,24567.97,0.0,24567.97,8687.4,0.0
,,20,151,16000,Seguridad Social.,573588.65,0.0,573588.65,229398.12,0.0
,,20,164,12000,Sueldos del Grupo A1.,14972.46,0.0,14972.46,2389.66,0.0
,,20,164,12003,Sueldos del Grupo C1.,20167.32,0.0,20167.32,7272.3,0.0
,,20,164,12004,Sueldos del Grupo C2.,76923.76,0.0,76923.76,19589.93,0.0
,,20,164,12005,Sueldos del Grupo E.,86162.94,0.0,86162.94,34542.51,0.0
,,20,164,12006,Trienios.,36194.89,0.0,36194.89,9937.23,0.0
,,20,164,12100,Complemento de destino.,109929.03,0.0,109929.03,34859.98,0.0
,,20,164,12101,Complemento específico.,215265.24,0.0,215265.24,89171.16,0.0
,,20,164,16000,Seguridad Social.,152016.04,0.0,152016.04,65430.26,0.0
,,20,165,12004,Sueldos del Grupo C2.,51282.51,0.0,51282.51,17229.45,0.0
,,20,165,12005,Sueldos del Grupo E.,7832.99,0.0,7832.99,2769.8,0.0
,,20,165,12006,Trienios.,20457.97,0.0,20457.97,6824.75,0.0
,,20,165,12100,Complemento de destino.,31133.03,0.0,31133.03,10536.48,0.0
,,20,165,12101,Complemento específico.,42139.75,0.0,42139.75,16303.56,0.0
,,20,165,16000,Seguridad Social.,44444.95,0.0,44444.95,20279.12,0.0
,,20,170,12000,Sueldos del Grupo A1.,72366.85,0.0,72366.85,16802.25,0.0
,,20,170,12001,Sueldos del Grupo A2.,39497.87,0.0,39497.87,10621.98,0.0
,,20,170,12003,Sueldos del Grupo C1.,86863.5,0.0,86863.5,29016.48,0.0
,,20,170,12004,Sueldos del Grupo C2.,55556.05,0.0,55556.05,29273.82,0.0
,,20,170,12006,Trienios.,48217.19,0.0,48217.19,15558.37,0.0
,,20,170,12100,Complemento de destino.,154634.55,0.0,154634.55,51115.62,0.0
,,20,170,12101,Complemento específico.,289168.22,0.0,289168.22,107506.14,0.0
,,20,170,16000,Seguridad Social.,178795.52,0.0,178795.52,71899.61,0.0
,,20,171,12001,Sueldos del Grupo A2.,13165.96,0.0,13165.96,4842.85,0.0
,,20,171,12006,Trienios.,3819.09,0.0,3819.09,1404.8,0.0
,,20,171,12100,Complemento de destino.,8324.93,0.0,8324.93,2943.75,0.0
,,20,171,12101,Complemento específico.,21479.65,0.0,21479.65,7595.35,0.0
,,20,171,16000,Seguridad Social.,11123.49,0.0,11123.49,4726.5,0.0
,,20,211,10701,Del personal directivo.,1.0,0.0,1.0,0.0,0.0
,,20,211,12700,APORTACIÓN MUNICIPAL AL PLAN DE PENSIONES,1.0,0.0,1.0,0.0,0.0
,,20,211,13700,APORTACIÓN MUNICIPAL AL PLAN DE PENSIONES,1.0,0.0,1.0,0.0,0.0
,,20,221,16007,ASISTENCIA PREVENTIVA COR,397270.27,0.0,397270.27,0.0,0.0
,,20,221,16008,Asistencia médico-farmacéutica.,59346.58,0.0,59346.58,17976.04,0.0
,,20,221,16205,Seguros.,39714.24,0.0,39714.24,0.0,0.0
,,20,221,16501,AYUDAS SOCIALES,459989.45,0.0,459989.45,0.0,0.0
,,20,231,12000,Sueldos del Grupo A1.,301373.53,0.0,301373.53,92728.52,0.0
,,20,231,12001,Sueldos del Grupo A2.,1046651.86,0.0,1046651.86,329180.51,0.0
,,20,231,12003,Sueldos del Grupo C1.,40334.63,0.0,40334.63,10569.08,0.0
,,20,231,12004,Sueldos del Grupo C2.,253880.72,0.0,253880.72,88148.96,0.0
,,20,231,12005,Sueldos del Grupo E.,65541.04,0.0,65541.04,21585.97,0.0
,,20,231,12006,Trienios.,295322.04,0.0,295322.04,84846.37,0.0
,,20,231,12100,Complemento de destino.,876739.12,0.0,876739.12,265128.86,0.0
,,20,231,12101,Complemento específico.,1674455.66,0.0,1674455.66,633359.23,0.0
,,20,231,16000,Seguridad Social.,1202743.15,0.0,1202743.15,482464.81,0.0
,,20,241,12000,Sueldos del Grupo A1.,134752.16,5278.61,140030.77,42005.63,5278.61
,,20,241,12001,Sueldos del Grupo A2.,246604.44,1032.52,247636.96,72481.76,1032.52
,,20,241,12003,Sueldos del Grupo C1.,20167.32,0.0,20167.32,7272.3,0.0
,,20,241,12004,Sueldos del Grupo C2.,39987.35,691.88,40679.23,15131.25,691.88
,,20,241,12006,Trienios.,58433.7,0.0,58433.7,21337.82,0.0
,,20,241,12100,Complemento de destino.,221921.81,5144.38,227066.19,67148.43,5144.38
,,20,241,12101,Complemento específico.,357052.4,3539.89,360592.29,112937.84,3539.89
,,20,241,13000,Retribuciones básicas.,15552.89,0.0,15552.89,28249.9,0.0
,,20,241,13002,Otras remuneraciones.,14768.95,0.0,14768.95,0.0,0.0
,,20,241,13101,RETRIB. PERSONAL FOMENTO EMPLEO (TEMPOR. Y DISCONTINUOS),128939.26,30281.36,159220.62,93631.9,30281.36
,,20,241,16000,Seguridad Social.,330210.97,9391.59,339602.56,129786.17,9391.59
,,20,320,12000,Sueldos del Grupo A1.,14972.46,0.0,14972.46,5600.75,0.0
,,20,320,12001,Sueldos del Grupo A2.,85578.72,0.0,85578.72,29057.1,0.0
,,20,320,12003,Sueldos del Grupo C1.,11236.06,0.0,11236.06,3636.15,0.0
,,20,320,12004,Sueldos del Grupo C2.,17094.17,0.0,17094.17,6052.5,0.0
,,20,320,12005,Sueldos del Grupo E.,242822.83,0.0,242822.83,94658.99,0.0
,,20,320,12006,Trienios.,52271.18,0.0,52271.18,17747.98,0.0
,,20,320,12100,Complemento de destino.,215505.18,0.0,215505.18,77660.2,0.0
,,20,320,12101,Complemento específico.,433808.51,0.0,433808.51,166520.72,0.0
,,20,320,13000,Retribuciones básicas.,10224.82,0.0,10224.82,3586.4,0.0
,,20,320,13002,Otras remuneraciones.,12979.67,0.0,12979.67,4589.7,0.0
,,20,320,16000,Seguridad Social.,281190.35,0.0,281190.35,128027.11,0.0
,,20,330,12000,Sueldos del Grupo A1.,59889.85,4290.13,64179.98,22739.05,0.0
,,20,330,12001,Sueldos del Grupo A2.,39497.87,0.0,39497.87,14463.98,0.0
,,20,330,12003,Sueldos del Grupo C1.,31403.37,0.0,31403.37,10908.45,0.0
,,20,330,12004,Sueldos del Grupo C2.,42735.42,0.0,42735.42,14990.03,0.0
,,20,330,12005,Sueldos del Grupo E.,55483.7,0.0,55483.7,16637.27,0.0
,,20,330,12006,Trienios.,54769.11,0.0,54769.11,18060.51,0.0
,,20,330,12100,Complemento de destino.,134369.14,2086.33,136455.47,45582.54,0.0
,,20,330,12101,Complemento específico.,250799.62,2803.87,253603.49,101363.13,0.0
,,20,330,13000,Retribuciones básicas.,15003.11,0.0,15003.11,1747.79,0.0
,,20,330,13002,Otras remuneraciones.,12283.98,0.0,12283.98,0.0,0.0
,,20,330,16000,Seguridad Social.,173980.19,2819.67,176799.86,72747.76,0.0
,,20,336,12000,Sueldos del Grupo A1.,14972.46,0.0,14972.46,915.8,0.0
,,20,336,12001,Sueldos del Grupo A2.,13165.96,0.0,13165.96,4842.85,0.0
,,20,336,12005,Sueldos del Grupo E.,23498.98,0.0,23498.98,8309.4,0.0
,,20,336,12006,Trienios.,10456.12,0.0,10456.12,937.76,0.0
,,20,336,12100,Complemento de destino.,25747.38,0.0,25747.38,6160.7,0.0
,,20,336,12101,Complemento específico.,55128.75,0.0,55128.75,30048.9,0.0
,,20,336,16000,Seguridad Social.,37211.13,0.0,37211.13,15314.45,0.0
,,20,340,12000,Sueldos del Grupo A1.,89834.77,0.0,89834.77,33604.5,0.0
,,20,340,12001,Sueldos del Grupo A2.,13165.96,0.0,13165.96,4842.85,0.0
,,20,340,12003,Sueldos del Grupo C1.,50418.29,0.0,50418.29,14496.12,0.0
,,20,340,12004,Sueldos del Grupo C2.,34188.34,0.0,34188.34,11943.6,0.0
,,20,340,12005,Sueldos del Grupo E.,23498.98,0.0,23498.98,8309.4,0.0
,,20,340,12006,Trienios.,54941.4,0.0,54941.4,18086.64,0.0
,,20,340,12100,Complemento de destino.,125332.58,0.0,125332.58,41974.1,0.0
,,20,340,12101,Complemento específico.,242519.24,0.0,242519.24,83967.16,0.0
,,20,340,13000,Retribuciones básicas.,30384.59,0.0,30384.59,10215.18,0.0
,,20,340,13002,Otras remuneraciones.,22046.1,0.0,22046.1,7685.58,0.0
,,20,340,16000,Seguridad Social.,169011.16,0.0,169011.16,69193.19,0.0
,,20,440,12003,Sueldos del Grupo C1.,20167.32,0.0,20167.32,4216.86,0.0
,,20,440,12004,Sueldos del Grupo C2.,68376.68,0.0,68376.68,33778.44,0.0
,,20,440,12005,Sueldos del Grupo E.,70496.95,0.0,70496.95,20496.52,0.0
,,20,440,12006,Trienios.,33447.34,0.0,33447.34,8300.43,0.0
,,20,440,12100,Complemento de destino.,90820.94,0.0,90820.94,31635.08,0.0
,,20,440,12101,Complemento específico.,150660.29,0.0,150660.29,79403.3,0.0
,,20,440,16000,Seguridad Social.,116422.42,0.0,116422.42,61095.87,0.0
,,20,450,12000,Sueldos del Grupo A1.,127265.93,0.0,127265.93,44806.0,0.0
,,20,450,12001,Sueldos del Grupo A2.,171157.43,0.0,171157.43,59663.91,0.0
,,20,450,12003,Sueldos del Grupo C1.,121003.9,0.0,121003.9,40196.38,0.0
,,20,450,12004,Sueldos del Grupo C2.,273506.71,0.0,273506.71,91938.65,0.0
,,20,450,12005,Sueldos del Grupo E.,31331.98,0.0,31331.98,8691.99,0.0
,,20,450,12006,Trienios.,158459.38,0.0,158459.38,49549.98,0.0
,,20,450,12100,Complemento de destino.,414869.3,0.0,414869.3,135861.84,0.0
,,20,450,12101,Complemento específico.,750743.22,0.0,750743.22,272682.69,0.0
,,20,450,16000,Seguridad Social.,524767.23,0.0,524767.23,213292.24,0.0
,,20,491,12000,Sueldos del Grupo A1.,21555.44,0.0,21555.44,5600.75,0.0
,,20,491,12001,Sueldos del Grupo A2.,65829.78,0.0,65829.78,24214.25,0.0
,,20,491,12003,Sueldos del Grupo C1.,60501.95,0.0,60501.95,21574.49,0.0
,,20,491,12006,Trienios.,27009.53,0.0,27009.53,9408.37,0.0
,,20,491,12100,Complemento de destino.,96834.04,0.0,96834.04,32609.93,0.0
,,20,491,12101,Complemento específico.,176734.66,0.0,176734.66,59392.2,0.0
,,20,491,16000,Seguridad Social.,107713.14,0.0,107713.14,43446.1,0.0
,,20,493,12000,Sueldos del Grupo A1.,14972.46,0.0,14972.46,5600.75,0.0
,,20,493,12004,Sueldos del Grupo C2.,8547.08,0.0,8547.08,3026.25,0.0
,,20,493,12006,Trienios.,4287.31,0.0,4287.31,1468.66,0.0
,,20,493,12100,Complemento de destino.,11637.36,0.0,11637.36,4115.05,0.0
,,20,493,12101,Complemento específico.,16085.52,0.0,16085.52,5687.95,0.0
,,20,493,16000,Seguridad Social.,16018.88,0.0,16018.88,6856.23,0.0
,,20,912,10100,Retribuciones básicas.,150310.1,0.0,150310.1,47583.35,0.0
,,20,912,10101,Otras remuneraciones.,420121.06,0.0,420121.06,114316.77,0.0
,,20,912,11000,Retribuciones básicas.,673726.72,0.0,673726.72,238260.15,0.0
,,20,912,12000,Sueldos del Grupo A1.,14972.46,0.0,14972.46,5600.75,0.0
,,20,912,12001,Sueldos del Grupo A2.,13165.96,0.0,13165.96,4842.85,0.0
,,20,912,12003,Sueldos del Grupo C1.,60501.95,0.0,60501.95,22059.31,0.0
,,20,912,12004,Sueldos del Grupo C2.,179488.78,0.0,179488.78,64943.33,0.0
,,20,912,12006,Trienios.,62437.31,0.0,62437.31,22338.68,0.0
,,20,912,12100,Complemento de destino.,176994.48,0.0,176994.48,63636.46,0.0
,,20,912,12101,Complemento específico.,403944.45,0.0,403944.45,147337.36,0.0
,,20,912,16000,Seguridad Social.,503116.92,0.0,503116.92,203531.35,0.0
,,20,912,23010,Del personal directivo.,12217.26,0.0,12217.26,531.9,0.0
,,20,912,23110,Del personal directivo.,11906.62,0.0,11906.62,1072.98,0.0
,,20,920,12000,Sueldos del Grupo A1.,364754.06,0.0,364754.06,117541.08,0.0
,,20,920,12001,Sueldos del Grupo A2.,86993.68,0.0,86993.68,23213.4,0.0
,,20,920,12003,Sueldos del Grupo C1.,129045.73,0.0,129045.73,23536.88,0.0
,,20,920,12004,Sueldos del Grupo C2.,513553.57,0.0,513553.57,146852.75,0.0
,,20,920,12005,Sueldos del Grupo E.,380621.77,0.0,380621.77,109131.02,0.0
,,20,920,12006,Trienios.,293050.4,0.0,293050.4,85544.27,0.0
,,20,920,12100,Complemento de destino.,923366.18,0.0,923366.18,251848.68,0.0
,,20,920,12101,Complemento específico.,1574049.34,0.0,1574049.34,489656.66,0.0
,,20,920,13101,RETRIB. PERSONAL FOMENTO EMPLEO (TEMPOR. Y DISCONTINUOS),26472.13,12158.47,38630.6,31325.63,12158.47
,,20,920,15000,PRODUCTIVIDAD,1765850.59,0.0,1765850.59,612400.66,0.0
,,20,920,15102,GRATIFICACIONES PERS. FUNCIONARIO,113357.46,0.0,113357.46,51928.31,0.0
,,20,920,16000,Seguridad Social.,1021893.15,380.96,1022274.11,374594.24,380.96
,,20,920,16200,Formación y perfeccionamiento del personal.,150000.0,130.0,150130.0,21209.69,46.0
,,20,920,16202,Transporte de personal.,29200.0,0.0,29200.0,730.15,0.0
,,20,920,16203,QUEBRANTO DE MONEDA,26245.0,0.0,26245.0,8067.0,0.0
,,20,920,20200,ARRENDAMIENTOS EDIFICIOS Y OTRAS CONSTR.,0.0,0.0,0.0,0.0,0.0
,,20,920,22106,Productos farmacéuticos y material sanitario.,3200.0,0.0,3200.0,0.0,0.0
,,20,920,22199,Otros suministros.,6000.0,0.0,6000.0,0.0,0.0
,,20,920,22607,Oposiciones y pruebas selectivas,55000.0,0.0,55000.0,13778.05,0.0
,,20,920,2262014,REM./14 ACTIVIDADES DE FOMENTO DE LA LENGUA GALLEGA,0.0,0.0,0.0,0.0,0.0
,,20,920,22699,Otros gastos diversos,0.0,0.0,0.0,0.0,0.0
,,20,920,23020,Del personal no directivo.,47983.32,3000.0,50983.32,3765.01,0.0
,,20,920,2302013,REM./13 Del personal no directivo.,0.0,232.71,232.71,0.0,232.71
,,20,920,2302014,REM./14 DIETAS DEL PERSONAL NO DIRECTIVO,0.0,89.77,89.77,0.0,89.77
,,20,920,2302015,REM./15 Del personal no directivo.,0.0,909.82,909.82,0.0,909.82
,,20,920,2302016,Del personal no directivo.,0.0,2149.36,2149.36,0.0,2149.36
,,20,920,23120,Del personal no directivo.,28749.02,1000.0,29749.02,6696.81,0.0
,,20,920,2312014,REM./14 LOCOMOCION DEL PERSONAL NO DIRECTIVO,0.0,1115.03,1115.03,0.0,1115.03
,,20,920,2312016,Del personal no directivo.,0.0,1490.92,1490.92,0.0,1490.92
,,20,920,48903,APORTACION GASTOS SINDICALES,2637.59,0.0,2637.59,0.0,0.0
,,20,920,83003,ANTICIP.PAGAS AL PERSONAL,30000.0,128557.35,158557.35,104564.78,0.0
,,20,922,22602,Publicidad y propaganda.,500000.0,0.0,500000.0,230008.84,0.0
,,20,922,22603,Publicación en Diarios Oficiales.,7000.0,0.0,7000.0,0.0,0.0
,,20,922,22746,CONTRATOS ASISTENCIA EN PLANIFICACIÓN Y CONTROL,75656.0,0.0,75656.0,10878.96,0.0
,,20,924,12000,Sueldos del Grupo A1.,19963.24,0.0,19963.24,5600.75,0.0
,,20,924,12001,Sueldos del Grupo A2.,43886.51,0.0,43886.51,13398.55,0.0
,,20,924,12003,Sueldos del Grupo C1.,10083.66,0.0,10083.66,3636.15,0.0
,,20,924,12004,Sueldos del Grupo C2.,8547.08,0.0,8547.08,1971.9,0.0
,,20,924,12006,Trienios.,8990.31,0.0,8990.31,3532.17,0.0
,,20,924,12100,Complemento de destino.,45661.9,0.0,45661.9,13292.47,0.0
,,20,924,12101,Complemento específico.,85006.13,0.0,85006.13,30859.12,0.0
,,20,924,13000,Retribuciones básicas.,9568.32,0.0,9568.32,3387.85,0.0
,,20,924,13002,Otras remuneraciones.,9371.43,0.0,9371.43,3313.8,0.0
,,20,924,16000,Seguridad Social.,64682.38,0.0,64682.38,24822.62,0.0
,,20,926,12000,Sueldos del Grupo A1.,59889.85,0.0,59889.85,22403.0,0.0
,,20,926,12001,Sueldos del Grupo A2.,26331.91,0.0,26331.91,9685.7,0.0
,,20,926,12003,Sueldos del Grupo C1.,100836.58,0.0,100836.58,36773.6,0.0
,,20,926,12004,Sueldos del Grupo C2.,8547.08,0.0,8547.08,3026.25,0.0
,,20,926,12006,Trienios.,50763.48,0.0,50763.48,18101.9,0.0
,,20,926,12100,Complemento de destino.,126311.77,0.0,126311.77,44935.62,0.0
,,20,926,12101,Complemento específico.,203045.73,0.0,203045.73,70979.78,0.0
,,20,926,13000,Retribuciones básicas.,20442.76,0.0,20442.76,14520.8,0.0
,,20,926,13002,Otras remuneraciones.,20377.3,0.0,20377.3,7205.55,0.0
,,20,926,16000,Seguridad Social.,149156.92,0.0,149156.92,68636.3,0.0
,,20,929,50000,FONDO DE CONTINGENCIA DE EJEC.PRESUPUESTARIA ART31 LO2/12,20000.0,0.0,20000.0,0.0,0.0
,,20,931,12000,Sueldos del Grupo A1.,106054.93,0.0,106054.93,39205.25,0.0
,,20,931,12001,Sueldos del Grupo A2.,65829.78,0.0,65829.78,19371.4,0.0
,,20,931,12003,Sueldos del Grupo C1.,40334.63,0.0,40334.63,14544.6,0.0
,,20,931,12004,Sueldos del Grupo C2.,42735.42,0.0,42735.42,14713.65,0.0
,,20,931,12006,Trienios.,60796.36,0.0,60796.36,21733.62,0.0
,,20,931,12100,Complemento de destino.,172487.3,0.0,172487.3,57766.45,0.0
,,20,931,12101,Complemento específico.,349195.35,0.0,349195.35,116431.08,0.0
,,20,931,16000,Seguridad Social.,187788.93,0.0,187788.93,74394.29,0.0
,,20,931,20300,ARRENDAMIENTO MAQUIN. INSTALAC. Y UTILL.,4719.86,0.0,4719.86,1799.65,0.0
,,20,931,21300,"REPARAC. MANTEN, Y CONS.  MAQUIN.,INST. Y UTILLAJE.",825.0,0.0,825.0,0.0,0.0
,,20,931,22000,Ordinario no inventariable.,20000.0,0.0,20000.0,15265.67,0.0
,,20,931,22001,"Prensa, revistas, libros y otras publicaciones.",329.43,0.0,329.43,329.43,0.0
,,20,931,22201,Postales.,628381.15,0.0,628381.15,142132.37,0.0
,,20,931,22602,Publicidad y propaganda.,63617.99,0.0,63617.99,20360.67,0.0
,,20,931,22603,Publicación en Diarios Oficiales.,18397.29,0.0,18397.29,227.04,0.0
,,20,931,22638,GTOS.RECAUDAT.INCLUYE DEV.ING.INDEBIDOS,12000.0,0.0,12000.0,65.45,0.0
,,20,931,22699,Otros gastos diversos,3000.0,0.0,3000.0,6117.54,0.0
,,20,931,22706,Estudios y trabajos técnicos.,139016.76,0.0,139016.76,0.0,0.0
,,20,931,22799,Otros trabajos realizados por otras empresas y profes.,51400.0,0.0,51400.0,5664.01,0.0
,,20,932,12000,Sueldos del Grupo A1.,74862.31,0.0,74862.31,22664.37,0.0
,,20,932,12001,Sueldos del Grupo A2.,13165.96,0.0,13165.96,9188.41,0.0
,,20,932,12003,Sueldos del Grupo C1.,91905.32,0.0,91905.32,32725.35,0.0
,,20,932,12004,Sueldos del Grupo C2.,205844.1,0.0,205844.1,72494.19,0.0
,,20,932,12006,Trienios.,88867.93,0.0,88867.93,28611.31,0.0
,,20,932,12100,Complemento de destino.,242571.53,0.0,242571.53,82249.78,0.0
,,20,932,12101,Complemento específico.,327898.39,0.0,327898.39,130000.27,0.0
,,20,932,13000,Retribuciones básicas.,10079.64,0.0,10079.64,2813.08,0.0
,,20,932,13002,Otras remuneraciones.,10832.94,0.0,10832.94,4547.48,0.0
,,20,932,16000,Seguridad Social.,264072.99,0.0,264072.99,118313.98,0.0
,,20,933,22700,Limpieza y aseo.,0.0,0.0,0.0,0.0,0.0
,,20,933,22701,Seguridad.,0.0,0.0,0.0,0.0,0.0
,,20,934,12000,Sueldos del Grupo A1.,104807.24,0.0,104807.24,38047.76,0.0
,,20,934,12001,Sueldos del Grupo A2.,26331.91,0.0,26331.91,5391.71,0.0
,,20,934,12003,Sueldos del Grupo C1.,94594.26,0.0,94594.26,33728.17,0.0
,,20,934,12004,Sueldos del Grupo C2.,163108.68,0.0,163108.68,58547.89,0.0
,,20,934,12006,Trienios.,105434.13,0.0,105434.13,36362.19,0.0
,,20,934,12100,Complemento de destino.,243758.25,0.0,243758.25,84161.16,0.0
,,20,934,12101,Complemento específico.,406545.58,0.0,406545.58,154169.02,0.0
,,20,934,16000,Seguridad Social.,275665.82,0.0,275665.82,121044.24,0.0
,,20,1522,12000,Sueldos del Grupo A1.,97321.0,0.0,97321.0,30617.44,0.0
,,20,1522,12001,Sueldos del Grupo A2.,39497.87,0.0,39497.87,10512.2,0.0
,,20,1522,12004,Sueldos del Grupo C2.,55556.04,0.0,55556.04,24149.48,0.0
,,20,1522,12006,Trienios.,31865.38,0.0,31865.38,9945.59,0.0
,,20,1522,12100,Complemento de destino.,106107.48,0.0,106107.48,34233.62,0.0
,,20,1522,12101,Complemento específico.,186452.81,0.0,186452.81,60135.2,0.0
,,20,1522,16000,Seguridad Social.,139498.81,0.0,139498.81,56374.4,0.0
,,20,3321,12000,Sueldos del Grupo A1.,16220.16,0.0,16220.16,5600.75,0.0
,,20,3321,12001,Sueldos del Grupo A2.,105327.65,0.0,105327.65,36448.92,0.0
,,20,3321,12003,Sueldos del Grupo C1.,141171.21,0.0,141171.21,49483.49,0.0
,,20,3321,12004,Sueldos del Grupo C2.,59829.59,0.0,59829.59,21183.75,0.0
,,20,3321,12006,Trienios.,58772.95,0.0,58772.95,20024.02,0.0
,,20,3321,12100,Complemento de destino.,170793.54,0.0,170793.54,58205.84,0.0
,,20,3321,12101,Complemento específico.,336778.03,0.0,336778.03,119725.99,0.0
,,20,3321,16000,Seguridad Social.,232282.06,0.0,232282.06,97463.21,0.0
,,20,3322,12000,Sueldos del Grupo A1.,14972.46,0.0,14972.46,5600.75,0.0
,,20,3322,12001,Sueldos del Grupo A2.,39497.87,0.0,39497.87,14528.55,0.0
,,20,3322,12004,Sueldos del Grupo C2.,17094.17,0.0,17094.17,5669.18,0.0
,,20,3322,12006,Trienios.,22582.92,0.0,22582.92,7854.19,0.0
,,20,3322,12100,Complemento de destino.,40204.97,0.0,40204.97,14021.64,0.0
,,20,3322,12101,Complemento específico.,60856.68,0.0,60856.68,21206.52,0.0
,,20,3322,16000,Seguridad Social.,46903.67,0.0,46903.67,19979.08,0.0
,,20,3331,12000,Sueldos del Grupo A1.,119779.7,0.0,119779.7,43622.01,0.0
,,20,3331,12001,Sueldos del Grupo A2.,92161.69,0.0,92161.69,31995.1,0.0
,,20,3331,12003,Sueldos del Grupo C1.,70585.61,0.0,70585.61,24931.87,0.0
,,20,3331,12004,Sueldos del Grupo C2.,102565.02,0.0,102565.02,36193.95,0.0
,,20,3331,12005,Sueldos del Grupo E.,7832.99,0.0,7832.99,2769.8,0.0
,,20,3331,12006,Trienios.,88985.22,0.0,88985.22,31117.64,0.0
,,20,3331,12100,Complemento de destino.,226448.42,0.0,226448.42,77510.15,0.0
,,20,3331,12101,Complemento específico.,519884.81,0.0,519884.81,186733.97,0.0
,,20,3331,13000,Retribuciones básicas.,9768.84,0.0,9768.84,3424.01,0.0
,,20,3331,13002,Otras remuneraciones.,16877.65,0.0,16877.65,5968.05,0.0
,,20,3331,16000,Seguridad Social.,309128.61,0.0,309128.61,127539.93,0.0
,,20,3343,12001,Sueldos del Grupo A2.,552970.15,0.0,552970.15,200009.71,0.0
,,20,3343,12006,Trienios.,115261.67,0.0,115261.67,40947.58,0.0
,,20,3343,12100,Complemento de destino.,251601.08,0.0,251601.08,87761.51,0.0
,,20,3343,12101,Complemento específico.,378742.87,0.0,378742.87,141888.21,0.0
,,20,3343,16000,Seguridad Social.,345102.93,0.0,345102.93,148459.49,0.0
,,20,4312,12004,Sueldos del Grupo C2.,8547.08,0.0,8547.08,3026.25,0.0
,,20,4312,12005,Sueldos del Grupo E.,93995.93,0.0,93995.93,30006.16,0.0
,,20,4312,12006,Trienios.,16140.09,0.0,16140.09,5248.19,0.0
,,20,4312,12100,Complemento de destino.,52136.3,0.0,52136.3,16903.45,0.0
,,20,4312,12101,Complemento específico.,86656.42,0.0,86656.42,34975.7,0.0
,,20,4312,13000,Retribuciones básicas.,34218.66,0.0,34218.66,12099.95,0.0
,,20,4312,13002,Otras remuneraciones.,41520.7,0.0,41520.7,14682.0,0.0
,,20,4312,16000,Seguridad Social.,92031.33,0.0,92031.33,40729.23,0.0
,,20,9239,22746,CONTRATOS ASISTENCIA EN PLANIFICACIÓN Y CONTROL,220000.0,0.0,220000.0,58985.08,0.0
,,20,9321,12000,Sueldos del Grupo A1.,44917.39,0.0,44917.39,16802.25,0.0
,,20,9321,12003,Sueldos del Grupo C1.,10083.66,0.0,10083.66,3636.15,0.0
,,20,9321,12004,Sueldos del Grupo C2.,8547.08,0.0,8547.08,3026.25,0.0
,,20,9321,12006,Trienios.,22220.55,0.0,22220.55,7900.1,0.0
,,20,9321,12100,Complemento de destino.,47822.75,0.0,47822.75,16910.45,0.0
,,20,9321,12101,Complemento específico.,120689.0,0.0,120689.0,41890.9,0.0
,,20,9321,16000,Seguridad Social.,26478.72,0.0,26478.72,11183.01,0.0
,,30,150,48950,CONVENIOS NOMINATIVOS,90000.0,0.0,90000.0,0.0,0.0
,,30,151,20300,ARRENDAMIENTO MAQUIN. INSTALAC. Y UTILL.,50.0,0.0,50.0,0.0,0.0
,,30,151,21200,REPARAC. MANTENI. EDIFICIOS Y O.CONSTRUC,4000.0,0.0,4000.0,43.86,0.0
,,30,151,21300,"REPARAC. MANTEN, Y CONS.  MAQUIN.,INST. Y UTILLAJE.",1000.0,0.0,1000.0,423.5,0.0
,,30,151,21500,"REP.,MANT. Y CONSERV. MOBILIARIO Y ENSERES",800.0,0.0,800.0,0.0,0.0
,,30,151,22000,Ordinario no inventariable.,10000.0,0.0,10000.0,1723.15,0.0
,,30,151,22001,"Prensa, revistas, libros y otras publicaciones.",1600.0,0.0,1600.0,456.2,0.0
,,30,151,22103,Combustibles y carburantes.,8525.0,0.0,8525.0,1420.0,0.0
,,30,151,22104,Vestuario.,300.0,0.0,300.0,0.0,0.0
,,30,151,22199,Otros suministros.,300.0,0.0,300.0,98.31,0.0
,,30,151,22201,Postales.,2298.0,0.0,2298.0,166.83,0.0
,,30,151,22602,Publicidad y propaganda.,9000.0,0.0,9000.0,4570.17,0.0
,,30,151,22603,Publicación en Diarios Oficiales.,5000.0,0.0,5000.0,5413.98,0.0
,,30,151,22606,"Reuniones, conferencias y cursos.",500.0,0.0,500.0,0.0,0.0
,,30,151,22612,INDEMNIZACIONES PARQUE OFIMATICO,20034.11,0.0,20034.11,0.0,0.0
,,30,151,22614,INDEMNIZACIONES VARIAS,326306.75,0.0,326306.75,0.0,0.0
,,30,151,22617,OTROS GASTOS DIVERSOS CUENTA LIQUIDACION PARQUE OFIMATICO,448000.0,0.0,448000.0,0.0,0.0
,,30,151,22622,CAMPAÑAS INFORMATIVAS CURSOS Y OTROS,600.0,0.0,600.0,0.0,0.0
,,30,151,22685,GASTOS POR ACTUACIONES SUBSIDIARIAS,1.0,0.0,1.0,0.0,0.0
,,30,151,22699,Otros gastos diversos,10000.0,0.0,10000.0,1685.47,0.0
,,30,151,22700,Limpieza y aseo.,73338.97,0.0,73338.97,21459.93,0.0
,,30,151,22701,Seguridad.,149635.69,0.0,149635.69,62242.4,0.0
,,30,151,22706,Estudios y trabajos técnicos.,218715.83,0.0,218715.83,56359.86,0.0
,,30,151,22719,EDICIONES,500.0,0.0,500.0,0.0,0.0
,,30,151,22799,Otros trabajos realizados por otras empresas y profes.,3439.49,0.0,3439.49,989.25,0.0
,,30,151,60005,ADQUISICION TERRENOS,1357141.96,-101250.0,1255891.96,194910.75,0.0
,,30,151,6000513,REM./13 ADQUISICION TERRENOS,0.0,23551.71,23551.71,0.0,0.0
,,30,151,6000515,REM./15 ADQUISICION TERRENOS,0.0,27762.76,27762.76,0.0,27762.76
,,30,151,6000516,REM./16 ADQUISICION TERRENOS,0.0,1059479.53,1059479.53,283658.75,1019722.31
,,30,151,60906,INV.NUEVA-CUOTAS URBANIZACIÓN,20000.0,0.0,20000.0,0.0,0.0
,,30,151,6090616,REM./16 INV.NUEVA-CUOTAS URBANIZACIÓN,0.0,3048.65,3048.65,0.0,3048.65
,,30,151,60907,INV.NUEVA-OBRAS DE URBANIZACION,3620000.0,71250.0,3691250.0,385.88,0.0
,,30,151,6090715,REM./15 INV.NUEVA-OBRAS DE URBANIZACION,0.0,139507.04,139507.04,0.0,139507.04
,,30,151,62300,"INV.NUEVA MAQUINARIA, INSTALACIONES Y UTILLAJE",1400.0,366.0,1766.0,833.35,0.0
,,30,151,62500,INV.NUEVA MOBILIARIO Y ENSERES,2100.0,-366.0,1734.0,0.0,0.0
,,30,160,21000,"REP.,MANT.Y CONSERV.INFRAEST.Y BIENES",1265000.0,0.0,1265000.0,258926.99,0.0
,,30,160,22199,Otros suministros.,3000.0,0.0,3000.0,987.75,0.0
,,30,160,22706,Estudios y trabajos técnicos.,55000.0,0.0,55000.0,18876.0,0.0
,,30,160,22799,Otros trabajos realizados por otras empresas y profes.,50000.0,0.0,50000.0,0.0,0.0
,,30,160,62200,INV.NUEVA EDIFICIOS Y OTRAS CONSTRUCCIONES,83600.0,0.0,83600.0,0.0,0.0
,,30,160,62900,OT.INV. NUEVAS ASOCIADAS AL FUNCIONAMIENTO DE LOS SERVICIOS,544781.99,315791.85,860573.84,0.0,0.0
,,30,160,63900,OTRA INVERSION DE REPOS. ASOCIADA AL FUNCIONAM. OPER.SERV.,35000.0,-21811.0,13189.0,13189.0,0.0
,,30,165,21000,"REP.,MANT.Y CONSERV.INFRAEST.Y BIENES",132000.0,3441.68,135441.68,3411.68,0.0
,,30,165,22100,Energía eléctrica.,6290345.88,0.0,6290345.88,2095259.6,0.0
,,30,165,22199,Otros suministros.,1.0,26628.98,26629.98,1431.38,0.0
,,30,165,22699,Otros gastos diversos,345440.0,890.0,346330.0,104850.0,0.0
,,30,165,22706,Estudios y trabajos técnicos.,144538.0,0.0,144538.0,25658.59,0.0
,,30,165,22799,Otros trabajos realizados por otras empresas y profes.,1227849.54,0.0,1227849.54,405739.95,0.0
,,30,165,60909,PROYECTOS DE ALUMBRADO DE VIAS PUBLICAS,379776.65,0.0,379776.65,40317.2,0.0
,,30,165,6090916,REM./16 PROYECTOS DE ALUMBRADO DE VIAS PUBLICAS,0.0,166682.39,166682.39,0.0,166682.39
,,30,165,61900,OTRAS INV.REPOS.EN INFRAESTRUCTURAS Y BIENES,418725.78,-21240.55,397485.23,0.0,0.0
,,30,165,62300,"INV.NUEVA MAQUINARIA, INSTALACIONES Y UTILLAJE",500.0,0.0,500.0,495.74,0.0
,,30,171,21000,"REP.,MANT.Y CONSERV.INFRAEST.Y BIENES",10000.0,0.0,10000.0,3992.71,0.0
,,30,171,22706,Estudios y trabajos técnicos.,78000.0,0.0,78000.0,0.0,0.0
,,30,171,22736,CONTRAT.MANT.JUEGOS INFANT.Y MOB.URBANO,545774.76,0.0,545774.76,0.0,0.0
,,30,171,60911,MOBILIARIO URBANO EN ESPACIOS PUBLICOS,207800.0,36298.7,244098.7,47621.1,0.0
,,30,171,6091116,REM./16 MOBILIARIO URBANO EN ESPACIOS PUBLICOS,0.0,283624.43,283624.43,0.0,283624.43
,,30,171,61911,REPOSICION DE MOBILIARIO URBANO EN LOS ESPACIOS PUBLICOS,50000.0,-14421.99,35578.01,0.0,0.0
,,30,311,62702,COMPENSACION INVERSIONES MATADERO MPAL.,1.0,0.0,1.0,0.0,0.0
,,30,342,60900,OBRAS DE INVERSIONES,1000000.0,0.0,1000000.0,0.0,0.0
,,30,342,68900,OTROS GASTOS  EN INVERSIONES DE BIENES PATRIMONIALES,1400000.0,0.0,1400000.0,0.0,0.0
,,30,453,7200407,REM./07 AL MINISTERIO DE FOMENTO,0.0,0.0,0.0,0.0,0.0
,,30,453,7200408,REM./08 AL MINISTERIO DE FOMENTO,0.0,0.0,0.0,0.0,0.0
,,30,453,7200409,REM./09 AL MINISTERIO DE FOMENTO,0.0,0.0,0.0,0.0,0.0
,,30,453,7200410,REM./10 AL MINISTERIO DE FOMENTO,0.0,0.0,0.0,0.0,0.0
,,30,459,6090715,REM./15 INV.NUEVA-OBRAS DE URBANIZACION,0.0,24678.92,24678.92,0.0,0.0
,,30,920,20300,ARRENDAMIENTO MAQUIN. INSTALAC. Y UTILL.,5000.0,0.0,5000.0,0.0,0.0
,,30,920,20400,ARRENDAMIENTO MATERIAL DE TRANSPORTE,59085.98,14771.49,73857.47,29542.98,0.0
,,30,920,21200,REPARAC. MANTENI. EDIFICIOS Y O.CONSTRUC,10000.0,0.0,10000.0,0.0,0.0
,,30,920,21300,"REPARAC. MANTEN, Y CONS.  MAQUIN.,INST. Y UTILLAJE.",7500.0,0.0,7500.0,163.35,0.0
,,30,920,21500,"REP.,MANT. Y CONSERV. MOBILIARIO Y ENSERES",1.0,0.0,1.0,0.0,0.0
,,30,920,22000,Ordinario no inventariable.,5000.0,0.0,5000.0,1063.94,0.0
,,30,920,22001,"Prensa, revistas, libros y otras publicaciones.",100.0,0.0,100.0,0.0,0.0
,,30,920,22104,Vestuario.,10000.0,-4771.49,5228.51,100.81,0.0
,,30,920,22110,Productos de limpieza y aseo.,3500.0,0.0,3500.0,28.19,0.0
,,30,920,22114,OTROS MATERIAL TALLERES,18000.0,-10000.0,8000.0,0.0,0.0
,,30,920,22199,Otros suministros.,250.0,0.0,250.0,0.0,0.0
,,30,920,22500,Tributos estatales.,1.0,0.0,1.0,91.64,0.0
,,30,920,22602,Publicidad y propaganda.,4500.0,0.0,4500.0,0.0,0.0
,,30,920,22699,Otros gastos diversos,3500.0,0.0,3500.0,4138.46,0.0
,,30,920,22700,Limpieza y aseo.,48498.65,0.0,48498.65,36187.8,0.0
,,30,920,22706,Estudios y trabajos técnicos.,654293.49,0.0,654293.49,300071.44,0.0
,,30,920,22799,Otros trabajos realizados por otras empresas y profes.,20000.0,0.0,20000.0,0.0,0.0
,,30,920,62300,"INV.NUEVA MAQUINARIA, INSTALACIONES Y UTILLAJE",5000.0,2700.0,7700.0,7489.9,0.0
,,30,920,62500,INV.NUEVA MOBILIARIO Y ENSERES,2000.0,0.0,2000.0,1403.55,0.0
,,30,920,63200,INV.REPOS.EDIFICIOS Y OTRAS CONSTRUCCIONES,403162.44,0.0,403162.44,0.0,0.0
,,30,933,21200,REPARAC. MANTENI. EDIFICIOS Y O.CONSTRUC,484050.0,0.0,484050.0,120694.34,0.0
,,30,933,21500,"REP.,MANT. Y CONSERV. MOBILIARIO Y ENSERES",1500.0,0.0,1500.0,0.0,0.0
,,30,933,22199,Otros suministros.,1000.0,0.0,1000.0,0.0,0.0
,,30,933,22706,Estudios y trabajos técnicos.,46000.0,0.0,46000.0,24864.29,0.0
,,30,933,22799,Otros trabajos realizados por otras empresas y profes.,1000.0,0.0,1000.0,0.0,0.0
,,30,933,60900,OBRAS DE INVERSIONES,395770.0,-2700.0,393070.0,0.0,0.0
,,30,933,63200,INV.REPOS.EDIFICIOS Y OTRAS CONSTRUCCIONES,823057.33,0.0,823057.33,0.0,0.0
,,30,933,6320016,REM./16 INV.REPOS.EDIFICIOS Y OTRAS CONSTRUCCIONES,0.0,0.0,0.0,0.0,0.0
,,30,1522,20200,ARRENDAMIENTOS EDIFICIOS Y OTRAS CONSTR.,26000.0,10000.0,36000.0,13558.44,0.0
,,30,1522,20300,ARRENDAMIENTO MAQUIN. INSTALAC. Y UTILL.,3750.0,0.0,3750.0,0.0,0.0
,,30,1522,21000,"REP.,MANT.Y CONSERV.INFRAEST.Y BIENES",1.0,0.0,1.0,0.0,0.0
,,30,1522,21200,REPARAC. MANTENI. EDIFICIOS Y O.CONSTRUC,119790.0,0.0,119790.0,23567.94,0.0
,,30,1522,22000,Ordinario no inventariable.,5000.0,0.0,5000.0,1131.62,0.0
,,30,1522,22001,"Prensa, revistas, libros y otras publicaciones.",52.0,0.0,52.0,0.0,0.0
,,30,1522,22102,Gas.,46294.94,0.0,46294.94,21775.49,0.0
,,30,1522,22602,Publicidad y propaganda.,18000.0,0.0,18000.0,14217.5,0.0
,,30,1522,22606,"Reuniones, conferencias y cursos.",24000.0,0.0,24000.0,0.0,0.0
,,30,1522,22685,GASTOS POR ACTUACIONES SUBSIDIARIAS,1.0,0.0,1.0,0.0,0.0
,,30,1522,22699,Otros gastos diversos,120000.0,0.0,120000.0,13226.95,0.0
,,30,1522,22700,Limpieza y aseo.,60000.0,0.0,60000.0,12745.14,0.0
,,30,1522,22706,Estudios y trabajos técnicos.,165000.0,-10000.0,155000.0,23463.0,0.0
,,30,1522,22799,Otros trabajos realizados por otras empresas y profes.,100000.0,0.0,100000.0,13165.54,0.0
,,30,1522,60907,INV.NUEVA-OBRAS DE URBANIZACION,1.0,0.0,1.0,0.0,0.0
,,30,1522,6090715,REM./15 INV.NUEVA-OBRAS DE URBANIZACION,0.0,169282.2,169282.2,115570.82,0.0
,,30,1522,6090716,REM./16 INV.NUEVA-OBRAS DE URBANIZACION,0.0,24804.84,24804.84,0.0,24804.84
,,30,1522,60911,MOBILIARIO URBANO EN ESPACIOS PUBLICOS,1.0,60500.0,60501.0,0.0,0.0
,,30,1522,62300,"INV.NUEVA MAQUINARIA, INSTALACIONES Y UTILLAJE",30000.0,0.0,30000.0,0.0,0.0
,,30,1522,62500,INV.NUEVA MOBILIARIO Y ENSERES,30000.0,0.0,30000.0,0.0,0.0
,,30,1522,68200,GTOS.EN BIENES PATRIMONIALES EDIF.Y CONS,1760000.0,0.0,1760000.0,121823.85,0.0
,,30,1522,78001,SUBVENCIONES REHABILITACIÓN VIVIENDAS,1200000.0,0.0,1200000.0,0.0,0.0
,,30,1522,78004,SUBVENCIONES ACCESIBILIDAD,1450000.0,0.0,1450000.0,0.0,0.0
,,30,1522,78010,CONVENIO AYTO-IGVS-Mº FOMENTO AREAS DE REHABILITACION,1.0,0.0,1.0,0.0,0.0
,,30,1522,7801015,REM./15CONVENIO AYTO-IGVS-Mº FOMENTO AREAS DE REHABILITACION,0.0,166466.38,166466.38,0.0,63646.51
,,30,1522,7801016,REM./16CONVENIO AYTO-IGVS-Mº FOMENTO AREAS DE REHABILITACION,0.0,394189.74,394189.74,1212.1,53739.46
,,30,1522,78900,A familias e instituciones sin fines de lucro.,1.0,0.0,1.0,0.0,0.0
,,30,1532,60900,OBRAS DE INVERSIONES,100000.0,0.0,100000.0,0.0,0.0
,,30,1532,60902,PROYECTOS DE ACTUACIONES EN ENTORNOS NATURALES,144000.0,0.0,144000.0,0.0,0.0
,,30,1532,60907,INV.NUEVA-OBRAS DE URBANIZACION,2927747.1,-32465.62,2895281.48,0.0,0.0
,,30,1532,6090716,REM./16 INV.NUEVA-OBRAS DE URBANIZACION,0.0,3058921.47,3058921.47,143573.43,2107109.92
,,30,1532,60911,MOBILIARIO URBANO EN ESPACIOS PUBLICOS,100000.0,-9630.02,90369.98,24943.84,0.0
,,30,1532,61900,OTRAS INV.REPOS.EN INFRAESTRUCTURAS Y BIENES,1.0,0.0,1.0,0.0,0.0
,,30,1532,61907,INV.REPOS.-OBRAS DE URBANIZACIÓN,270000.0,-130581.7,139418.3,56431.12,0.0
,,30,1532,75100,TRANSF DE CAPITAL A OOAA Y AGENCIAS DE LAS CCAA,120000.0,0.0,120000.0,0.0,0.0
,,30,1539,21000,"REP.,MANT.Y CONSERV.INFRAEST.Y BIENES",3225423.73,-230960.66,2994463.07,19887.55,0.0
,,30,1539,22199,Otros suministros.,18000.0,0.0,18000.0,11012.27,0.0
,,30,1539,22699,Otros gastos diversos,1700.0,0.0,1700.0,0.0,0.0
,,30,1539,22706,Estudios y trabajos técnicos.,242600.0,200000.0,442600.0,81705.68,0.0
,,30,1539,22799,Otros trabajos realizados por otras empresas y profes.,473660.0,0.0,473660.0,33407.6,0.0
,,31,160,20300,ARRENDAMIENTO MAQUIN. INSTALAC. Y UTILL.,124799.0,0.0,124799.0,41599.64,0.0
,,31,160,21200,REPARAC. MANTENI. EDIFICIOS Y O.CONSTRUC,4500.0,0.0,4500.0,2659.17,0.0
,,31,160,21300,"REPARAC. MANTEN, Y CONS.  MAQUIN.,INST. Y UTILLAJE.",15000.0,0.0,15000.0,0.0,0.0
,,31,160,22706,Estudios y trabajos técnicos.,20000.0,0.0,20000.0,3088.05,0.0
,,31,160,22718,MANTENIMIENTO ASEOS PUBLICOS,320000.0,0.0,320000.0,84964.56,0.0
,,31,160,22730,MANTENIMIENTO RED DE ALCANTARILLADO,1152825.0,0.0,1152825.0,0.0,0.0
,,31,160,22739,MANTENIMIENTO BOMBEOS ALCANTARILLADO,193056.0,0.0,193056.0,47477.36,0.0
,,31,160,22748,MANTENIMIENTO TELEGESTIÓN DEL SANEAMIENTO,1.0,0.0,1.0,0.0,0.0
,,31,160,22799,Otros trabajos realizados por otras empresas y profes.,1000.0,0.0,1000.0,793.52,0.0
,,31,160,60900,OBRAS DE INVERSIONES,10000.0,5300.0,15300.0,5248.44,0.0
,,31,160,62300,"INV.NUEVA MAQUINARIA, INSTALACIONES Y UTILLAJE",1.0,0.0,1.0,0.0,0.0
,,31,160,63900,OTRA INVERSION DE REPOS. ASOCIADA AL FUNCIONAM. OPER.SERV.,20000.0,-5300.0,14700.0,0.0,0.0
,,31,163,21200,REPARAC. MANTENI. EDIFICIOS Y O.CONSTRUC,200.0,0.0,200.0,0.0,0.0
,,31,163,21300,"REPARAC. MANTEN, Y CONS.  MAQUIN.,INST. Y UTILLAJE.",1800.0,0.0,1800.0,0.0,0.0
,,31,163,22199,Otros suministros.,5600.0,0.0,5600.0,0.0,0.0
,,31,163,22706,Estudios y trabajos técnicos.,100000.0,0.0,100000.0,0.0,0.0
,,31,163,22715,CONTRATO LIMPIEZA VIARIA,10495000.0,0.0,10495000.0,4290336.04,0.0
,,31,163,22799,Otros trabajos realizados por otras empresas y profes.,1.0,0.0,1.0,0.0,0.0
,,31,164,20300,ARRENDAMIENTO MAQUIN. INSTALAC. Y UTILL.,320.0,0.0,320.0,0.0,0.0
,,31,164,20400,ARRENDAMIENTO MATERIAL DE TRANSPORTE,3455.76,0.0,3455.76,1439.9,0.0
,,31,164,21000,"REP.,MANT.Y CONSERV.INFRAEST.Y BIENES",41000.0,0.0,41000.0,0.0,0.0
,,31,164,21200,REPARAC. MANTENI. EDIFICIOS Y O.CONSTRUC,20000.0,0.0,20000.0,0.0,0.0
,,31,164,21300,"REPARAC. MANTEN, Y CONS.  MAQUIN.,INST. Y UTILLAJE.",6000.0,0.0,6000.0,184.46,0.0
,,31,164,21400,REPARAC. MANTEN. Y CONSERV.  MATERIAL TRANSPORTE,1100.0,0.0,1100.0,0.0,0.0
,,31,164,22000,Ordinario no inventariable.,100.0,0.0,100.0,653.4,0.0
,,31,164,22104,Vestuario.,4000.0,0.0,4000.0,0.0,0.0
,,31,164,22110,Productos de limpieza y aseo.,700.0,0.0,700.0,0.0,0.0
,,31,164,22199,Otros suministros.,6000.0,0.0,6000.0,433.87,0.0
,,31,164,22610,"MATRICULACIONES, ITV Y OTROS GASTOS PARQUE MOVIL",500.0,0.0,500.0,0.0,0.0
,,31,164,22614,INDEMNIZACIONES VARIAS,900.0,0.0,900.0,0.0,0.0
,,31,164,22699,Otros gastos diversos,15000.0,0.0,15000.0,11261.83,0.0
,,31,164,22700,Limpieza y aseo.,17180.4,0.0,17180.4,7158.5,0.0
,,31,164,22706,Estudios y trabajos técnicos.,21001.0,0.0,21001.0,0.0,0.0
,,31,164,22744,CONTRATACION SERVICIOS FUNERARIOS,123914.44,0.0,123914.44,51603.85,0.0
,,31,164,22799,Otros trabajos realizados por otras empresas y profes.,3510.0,0.0,3510.0,1454.14,0.0
,,31,164,61900,OTRAS INV.REPOS.EN INFRAESTRUCTURAS Y BIENES,20000.0,0.0,20000.0,0.0,0.0
,,31,164,62300,"INV.NUEVA MAQUINARIA, INSTALACIONES Y UTILLAJE",5000.0,0.0,5000.0,299.5,0.0
,,31,164,63200,INV.REPOS.EDIFICIOS Y OTRAS CONSTRUCCIONES,1.0,0.0,1.0,0.0,0.0
,,31,164,6320016,REM./16 INV.REPOS.EDIFICIOS Y OTRAS CONSTRUCCIONES,0.0,220000.0,220000.0,0.0,220000.0
,,31,170,20300,ARRENDAMIENTO MAQUIN. INSTALAC. Y UTILL.,150.0,0.0,150.0,0.0,0.0
,,31,170,21400,REPARAC. MANTEN. Y CONSERV.  MATERIAL TRANSPORTE,700.0,0.0,700.0,0.0,0.0
,,31,170,22000,Ordinario no inventariable.,1000.0,0.0,1000.0,227.56,0.0
,,31,170,22001,"Prensa, revistas, libros y otras publicaciones.",1000.0,0.0,1000.0,2452.48,0.0
,,31,170,22104,Vestuario.,3000.0,0.0,3000.0,0.0,0.0
,,31,170,22199,Otros suministros.,800.0,0.0,800.0,323.74,0.0
,,31,170,22201,Postales.,1.0,0.0,1.0,1208.66,0.0
,,31,170,22603,Publicación en Diarios Oficiales.,100.0,0.0,100.0,0.0,0.0
,,31,170,22610,"MATRICULACIONES, ITV Y OTROS GASTOS PARQUE MOVIL",200.0,0.0,200.0,0.0,0.0
,,31,170,22699,Otros gastos diversos,3000.0,0.0,3000.0,1041.85,0.0
,,31,171,21000,"REP.,MANT.Y CONSERV.INFRAEST.Y BIENES",20000.0,40000.0,60000.0,8375.62,0.0
,,31,171,22199,Otros suministros.,30000.0,0.0,30000.0,0.0,0.0
,,31,171,22699,Otros gastos diversos,1000.0,2000.0,3000.0,0.0,0.0
,,31,171,22706,Estudios y trabajos técnicos.,20000.0,0.0,20000.0,0.0,0.0
,,31,171,2270616,REM./16 Estudios y trabajos técnicos.,0.0,13629.34,13629.34,0.0,13629.34
,,31,171,22713,CONTRATOS MANTENIMIENTO ZONAS VERDES,5776503.1,-30000.0,5746503.1,1259323.93,0.0
,,31,171,22799,Otros trabajos realizados por otras empresas y profes.,70000.0,0.0,70000.0,0.0,0.0
,,31,171,60900,OBRAS DE INVERSIONES,75000.0,0.0,75000.0,0.0,0.0
,,31,171,60912,PROYECTOS AJARDINAMIENTO VIAS PUBLICAS,101500.0,0.0,101500.0,0.0,0.0
,,31,171,6091216,REM./16 PROYECTOS AJARDINAMIENTO VIAS PUBLICAS,0.0,25914.63,25914.63,0.0,25914.63
,,31,171,62300,"INV.NUEVA MAQUINARIA, INSTALACIONES Y UTILLAJE",1.0,0.0,1.0,0.0,0.0
,,31,311,22621,CAMPAÑAS SANITARIAS,18000.0,0.0,18000.0,4735.35,0.0
,,31,311,22711,CONTROL DE PLAGAS URBANAS EN DEPENDENCIAS MUNICIPALES,81000.0,0.0,81000.0,15617.52,0.0
,,31,311,22712,CONTRATOS RELACIONADOS CONTROL SANITARIO ANIMALES,181106.09,0.0,181106.09,42733.77,0.0
,,31,311,22741,CONTRATOS PLAN DE CONTROL DE AVES,179936.11,0.0,179936.11,59931.96,0.0
,,31,311,22799,Otros trabajos realizados por otras empresas y profes.,14344.55,0.0,14344.55,12212.13,0.0
,,31,311,60900,OBRAS DE INVERSIONES,1.0,0.0,1.0,0.0,0.0
,,31,311,62200,INV.NUEVA EDIFICIOS Y OTRAS CONSTRUCCIONES,1.0,0.0,1.0,0.0,0.0
,,31,311,62300,"INV.NUEVA MAQUINARIA, INSTALACIONES Y UTILLAJE",3000.0,0.0,3000.0,0.0,0.0
,,31,311,63200,INV.REPOS.EDIFICIOS Y OTRAS CONSTRUCCIONES,2000.0,0.0,2000.0,0.0,0.0
,,31,312,22706,Estudios y trabajos técnicos.,83870.54,0.0,83870.54,0.0,0.0
,,31,1621,21200,REPARAC. MANTENI. EDIFICIOS Y O.CONSTRUC,1000.0,0.0,1000.0,0.0,0.0
,,31,1621,21300,"REPARAC. MANTEN, Y CONS.  MAQUIN.,INST. Y UTILLAJE.",15000.0,0.0,15000.0,308.55,0.0
,,31,1621,22706,Estudios y trabajos técnicos.,150000.0,0.0,150000.0,0.0,0.0
,,31,1621,22714,CONTRATO RECOGIDA RESIDUOS SÓLIDOS URBANOS,10420000.0,0.0,10420000.0,3415710.71,0.0
,,31,1621,22717,CONTRATO MANTENIMIENTO CONTENEDORES,1999117.65,0.0,1999117.65,818021.46,0.0
,,31,1621,60900,OBRAS DE INVERSIONES,1.0,0.0,1.0,0.0,0.0
,,31,1621,62300,"INV.NUEVA MAQUINARIA, INSTALACIONES Y UTILLAJE",50000.0,0.0,50000.0,0.0,0.0
,,31,1621,62306,MAQ.Y CONTENEDORES RECOGIDA SELECTIVA,1.0,0.0,1.0,0.0,0.0
,,31,1621,63300,"INV. REPOS. MAQUINARIA, INSTALACIONES Y UTILLAJE",15000.0,0.0,15000.0,0.0,0.0
,,31,1623,22706,Estudios y trabajos técnicos.,0.0,0.0,0.0,0.0,0.0
,,31,1623,22740,MANTENIMIENTO ANTIGUOS VERTEDEROS DE BENS,350000.0,-12000.0,338000.0,98753.85,0.0
,,31,1623,22799,Otros trabajos realizados por otras empresas y profes.,0.0,0.0,0.0,0.0,0.0
,,31,1623,60917,ACTUACIONES EN VERTEDEROS,1.0,0.0,1.0,0.0,0.0
,,31,1623,6091716,REM./16 ACTUACIONES EN VERTEDEROS,0.0,812337.58,812337.58,0.0,0.0
,,31,1629,21200,REPARAC. MANTENI. EDIFICIOS Y O.CONSTRUC,10000.0,0.0,10000.0,0.0,0.0
,,31,1629,22706,Estudios y trabajos técnicos.,100000.0,0.0,100000.0,508.2,0.0
,,31,1629,22716,GESTIÓN RESIDUOS SÓLIDOS URBANOS,6696120.83,0.0,6696120.83,2315838.12,0.0
,,31,1629,22799,Otros trabajos realizados por otras empresas y profes.,2900.0,0.0,2900.0,0.0,0.0
,,31,1721,22731,MANTENIMIENTO ESTACIONES CALIDAD AIRE,69292.64,0.0,69292.64,12705.0,0.0
,,31,1721,22749,AGENDA 21 LOCAL,100000.0,0.0,100000.0,3022.17,0.0
,,31,1721,62300,"INV.NUEVA MAQUINARIA, INSTALACIONES Y UTILLAJE",1.0,0.0,1.0,0.0,0.0
,,31,1722,21001,"REP., MANT. Y CONSERV. PLAYAS",41232.43,0.0,41232.43,7564.62,0.0
,,31,1722,22116,OTROS SUMINISTROS PLAYAS,3000.0,0.0,3000.0,0.0,0.0
,,31,1722,22706,Estudios y trabajos técnicos.,10000.0,0.0,10000.0,0.0,0.0
,,31,1722,22732,CONTRATOS MANTENIMIENTO INSTALACIONES EN PLAYAS,14882.81,0.0,14882.81,0.0,0.0
,,31,1722,22799,Otros trabajos realizados por otras empresas y profes.,18000.0,0.0,18000.0,0.0,0.0
,,31,1722,60900,OBRAS DE INVERSIONES,20000.0,-5000.0,15000.0,0.0,0.0
,,31,1722,62300,"INV.NUEVA MAQUINARIA, INSTALACIONES Y UTILLAJE",1.0,0.0,1.0,0.0,0.0
,,31,1722,63900,OTRA INVERSION DE REPOS. ASOCIADA AL FUNCIONAM. OPER.SERV.,5000.0,5000.0,10000.0,0.0,0.0
,,31,1729,21000,"REP.,MANT.Y CONSERV.INFRAEST.Y BIENES",100355.0,100000.0,200355.0,3233.51,0.0
,,31,1729,21200,REPARAC. MANTENI. EDIFICIOS Y O.CONSTRUC,1.0,0.0,1.0,0.0,0.0
,,31,1729,22602,Publicidad y propaganda.,2500.0,0.0,2500.0,0.0,0.0
,,31,1729,22606,"Reuniones, conferencias y cursos.",10000.0,0.0,10000.0,0.0,0.0
,,31,1729,22685,GASTOS POR ACTUACIONES SUBSIDIARIAS,1.0,0.0,1.0,0.0,0.0
,,31,1729,22701,Seguridad.,272143.8,0.0,272143.8,90714.64,0.0
,,31,1729,22706,Estudios y trabajos técnicos.,94000.0,0.0,94000.0,20218.03,0.0
,,31,1729,22751,EDUCACION AMBIENTAL,123000.0,0.0,123000.0,36092.29,0.0
,,31,1729,22754,MANTENIMIENTO INTEGRAL CUPULA PANORAMICA,75000.0,0.0,75000.0,3689.89,0.0
,,31,1729,22755,MANTENIMIENTO INTEGRAL Y EXPLOTACION ELEVADOR PANORAMICO,265000.0,0.0,265000.0,77637.96,0.0
,,31,1729,22799,Otros trabajos realizados por otras empresas y profes.,160558.0,-100000.0,60558.0,2084.28,0.0
,,31,1729,45100,A Organismos Autónomos y agencias de las CC.AA.,7500.0,0.0,7500.0,0.0,0.0
,,31,1729,48900,OTRAS TRANSF.CORRIENTES A FAMILIAS E INST.SIN FINES DE LUCRO,60000.0,0.0,60000.0,0.0,0.0
,,31,1729,48950,CONVENIOS NOMINATIVOS,7500.0,0.0,7500.0,0.0,0.0
,,31,1729,60902,PROYECTOS DE ACTUACIONES EN ENTORNOS NATURALES,75000.0,0.0,75000.0,0.0,0.0
,,31,1729,62300,"INV.NUEVA MAQUINARIA, INSTALACIONES Y UTILLAJE",10900.0,0.0,10900.0,0.0,0.0
,,31,1729,78950,CONVENIOS NOMINATIVOS,7500.0,0.0,7500.0,0.0,0.0
,,41,130,22000,Ordinario no inventariable.,400.0,0.0,400.0,0.0,0.0
,,41,130,22199,Otros suministros.,200.0,0.0,200.0,599.92,0.0
,,41,130,22603,Publicación en Diarios Oficiales.,100.0,0.0,100.0,0.0,0.0
,,41,130,22685,GASTOS POR ACTUACIONES SUBSIDIARIAS,1.0,0.0,1.0,0.0,0.0
,,41,130,22799,Otros trabajos realizados por otras empresas y profes.,300000.0,0.0,300000.0,75480.0,0.0
,,41,130,62300,"INV.NUEVA MAQUINARIA, INSTALACIONES Y UTILLAJE",1000.0,0.0,1000.0,0.0,0.0
,,41,133,21003,REP.MANT.Y CONS.SEÑALIZACION HORIZONTAL Y VERT.VIAS PUBLICAS,10000.0,0.0,10000.0,0.0,0.0
,,41,133,21303,REPARACIONES PUNTUALES RED SEMAFORICA,60000.0,0.0,60000.0,3234.93,0.0
,,41,133,22707,MANTENIMIENTO Y EXPLOTACIÓN RED SEMAFÓRICA,731608.84,0.0,731608.84,180624.97,0.0
,,41,133,22725,MANTENIMIENTO SEÑALIZACION HORIZONTAL,215000.0,0.0,215000.0,3378.38,0.0
,,41,133,22757,"SERVICIO DE RETIRADA, INMOVILIZACION Y DEPOSITO DE VEHICULOS",1315486.02,-15000.0,1300486.02,169554.05,0.0
,,41,133,22758,"SERVICIO PUBLICO ORDENACION Y REG. APARCAM, VEHICULOS (ORA)",2952726.27,0.0,2952726.27,587036.42,0.0
,,41,133,62300,"INV.NUEVA MAQUINARIA, INSTALACIONES Y UTILLAJE",191303.25,0.0,191303.25,0.0,0.0
,,41,133,62302,INSTALACIÓN DE SEMÁFOROS,135000.0,0.0,135000.0,605.63,0.0
,,41,134,22000,Ordinario no inventariable.,200.0,0.0,200.0,0.0,0.0
,,41,134,22002,Material informático no inventariable.,100000.0,0.0,100000.0,0.0,0.0
,,41,134,22199,Otros suministros.,1000.0,0.0,1000.0,0.0,0.0
,,41,134,22602,Publicidad y propaganda.,100.0,0.0,100.0,0.0,0.0
,,41,134,22603,Publicación en Diarios Oficiales.,200.0,0.0,200.0,0.0,0.0
,,41,134,22606,"Reuniones, conferencias y cursos.",0.0,8000.0,8000.0,0.0,0.0
,,41,134,22685,GASTOS POR ACTUACIONES SUBSIDIARIAS,1.0,0.0,1.0,0.0,0.0
,,41,134,22706,Estudios y trabajos técnicos.,98456.42,7000.0,105456.42,21296.0,0.0
,,41,134,46702,AGENCIA DE ECOLOGIA URBANA DE BARCELONA,100000.0,0.0,100000.0,0.0,0.0
,,41,134,48918,CUOTAS ASOCIACIONES MUNICIPIOS (FEMP...),1800.0,0.0,1800.0,0.0,0.0
,,41,134,48950,CONVENIOS NOMINATIVOS,32000.0,0.0,32000.0,0.0,0.0
,,41,134,60916,Otras inversiones nuevas en infraestructras de movilidad,326000.0,55045.21,381045.21,0.0,0.0
,,41,134,74950,CONVENIOS NOMINATIVOS,264000.0,0.0,264000.0,0.0,0.0
,,41,440,21200,REPARAC. MANTENI. EDIFICIOS Y O.CONSTRUC,15000.0,0.0,15000.0,4021.66,0.0
,,41,440,21300,"REPARAC. MANTEN, Y CONS.  MAQUIN.,INST. Y UTILLAJE.",6000.0,0.0,6000.0,754.48,0.0
,,41,440,22000,Ordinario no inventariable.,1500.0,0.0,1500.0,721.16,0.0
,,41,440,22103,Combustibles y carburantes.,16000.0,0.0,16000.0,8717.63,0.0
,,41,440,22104,Vestuario.,5000.0,0.0,5000.0,0.0,0.0
,,41,440,22199,Otros suministros.,2000.0,0.0,2000.0,140.36,0.0
,,41,440,22501,Tributos de las Comunidades Autónomas.,100.0,0.0,100.0,7.36,0.0
,,41,440,22699,Otros gastos diversos,400.0,0.0,400.0,260.0,0.0
,,41,440,22700,Limpieza y aseo.,152974.25,0.0,152974.25,50991.44,0.0
,,41,440,22701,Seguridad.,158443.24,0.0,158443.24,52433.32,0.0
,,41,440,22799,Otros trabajos realizados por otras empresas y profes.,20000.0,0.0,20000.0,719.92,0.0
,,41,440,62300,"INV.NUEVA MAQUINARIA, INSTALACIONES Y UTILLAJE",150000.0,0.0,150000.0,0.0,0.0
,,41,920,21400,REPARAC. MANTEN. Y CONSERV.  MATERIAL TRANSPORTE,13000.0,0.0,13000.0,8296.24,0.0
,,41,920,22103,Combustibles y carburantes.,186000.0,0.0,186000.0,48246.51,0.0
,,41,920,22110,Productos de limpieza y aseo.,1800.0,0.0,1800.0,1252.96,0.0
,,41,920,22111,"Sumin. de repuestos de maquinaria, utillaje y elemtos tpte.",6000.0,0.0,6000.0,911.15,0.0
,,41,920,22610,"MATRICULACIONES, ITV Y OTROS GASTOS PARQUE MOVIL",3500.0,0.0,3500.0,1278.27,0.0
,,41,920,62400,INV.NUEVA MATERIAL DE TRANSPORTE,12000.0,0.0,12000.0,0.0,0.0
,,41,4411,21300,"REPARAC. MANTEN, Y CONS.  MAQUIN.,INST. Y UTILLAJE.",9000.0,0.0,9000.0,4005.1,0.0
,,41,4411,22799,Otros trabajos realizados por otras empresas y profes.,55000.0,0.0,55000.0,13000.0,0.0
,,41,4411,48912,SUBV.TRANSPORTE COLECTIVO URB.VIAJEROS,8250000.0,0.0,8250000.0,813705.33,0.0
,,41,4411,48990,RECONOCIMIENTO DE CREDITO,1651618.64,0.0,1651618.64,0.0,0.0
,,41,4411,60916,Otras inversiones nuevas en infraestructras de movilidad,36000.0,0.0,36000.0,0.0,0.0
,,41,4412,77902,SUBVENCIONES TRANSPORTE PUBLICO DE VIAJEROS,60000.0,0.0,60000.0,0.0,0.0
,,50,330,20300,ARRENDAMIENTO MAQUIN. INSTALAC. Y UTILL.,169.0,0.0,169.0,0.0,0.0
,,50,330,22000,Ordinario no inventariable.,300.0,0.0,300.0,60.51,0.0
,,50,330,22001,"Prensa, revistas, libros y otras publicaciones.",2000.0,0.0,2000.0,819.0,0.0
,,50,330,22199,Otros suministros.,310.0,0.0,310.0,70.94,0.0
,,50,330,22602,Publicidad y propaganda.,50.0,0.0,50.0,0.0,0.0
,,50,330,22699,Otros gastos diversos,50.0,0.0,50.0,34.48,0.0
,,50,333,21200,REPARAC. MANTENI. EDIFICIOS Y O.CONSTRUC,5000.0,0.0,5000.0,1784.75,0.0
,,50,333,21300,"REPARAC. MANTEN, Y CONS.  MAQUIN.,INST. Y UTILLAJE.",1000.0,0.0,1000.0,736.99,0.0
,,50,333,22001,"Prensa, revistas, libros y otras publicaciones.",350.0,0.0,350.0,0.0,0.0
,,50,333,22609,Actividades culturales y deportivas,26400.0,0.0,26400.0,0.0,0.0
,,50,333,22628,EXPOSICIONES,450000.0,0.0,450000.0,60202.8,0.0
,,50,333,22629,CATALOGACION Y RESTAURACION DEL PATRIMONIO,1700.0,0.0,1700.0,0.0,0.0
,,50,333,22699,Otros gastos diversos,4000.0,0.0,4000.0,0.0,0.0
,,50,333,22700,Limpieza y aseo.,18876.0,0.0,18876.0,4880.32,0.0
,,50,333,22701,Seguridad.,306763.28,0.0,306763.28,102254.4,0.0
,,50,333,22719,EDICIONES,9000.0,0.0,9000.0,0.0,0.0
,,50,333,22799,Otros trabajos realizados por otras empresas y profes.,13484.46,0.0,13484.46,1009.42,0.0
,,50,333,48103,PREMIO VIÑETAS DESDE EL ATLANTICO,6000.0,0.0,6000.0,0.0,0.0
,,50,333,48917,FUNDACION LUIS SEOANE,350000.0,0.0,350000.0,110000.0,0.0
,,50,333,62300,"INV.NUEVA MAQUINARIA, INSTALACIONES Y UTILLAJE",2950.0,0.0,2950.0,0.0,0.0
,,50,333,63300,"INV. REPOS. MAQUINARIA, INSTALACIONES Y UTILLAJE",188550.0,0.0,188550.0,0.0,0.0
,,50,334,20200,ARRENDAMIENTOS EDIFICIOS Y OTRAS CONSTR.,62029.44,0.0,62029.44,24393.6,0.0
,,50,334,21200,REPARAC. MANTENI. EDIFICIOS Y O.CONSTRUC,50000.0,0.0,50000.0,18790.61,0.0
,,50,334,21300,"REPARAC. MANTEN, Y CONS.  MAQUIN.,INST. Y UTILLAJE.",3000.0,0.0,3000.0,350.3,0.0
,,50,334,21500,"REP.,MANT. Y CONSERV. MOBILIARIO Y ENSERES",500.0,0.0,500.0,3893.22,0.0
,,50,334,22400,PRIMAS DE SEGUROS,1100.0,0.0,1100.0,0.0,0.0
,,50,334,22602,Publicidad y propaganda.,15000.0,0.0,15000.0,3997.57,0.0
,,50,334,22606,"Reuniones, conferencias y cursos.",18000.0,0.0,18000.0,114.95,0.0
,,50,334,22609,Actividades culturales y deportivas,344000.0,132912.0,476912.0,42343.07,0.0
,,50,334,22628,EXPOSICIONES,16100.0,0.0,16100.0,0.0,0.0
,,50,334,22699,Otros gastos diversos,75000.0,0.0,75000.0,23481.76,0.0
,,50,334,22700,Limpieza y aseo.,201551.65,0.0,201551.65,75897.18,0.0
,,50,334,22701,Seguridad.,316314.13,0.0,316314.13,117511.32,0.0
,,50,334,22706,Estudios y trabajos técnicos.,50000.0,0.0,50000.0,4595.64,0.0
,,50,334,22799,Otros trabajos realizados por otras empresas y profes.,181905.66,0.0,181905.66,28834.02,0.0
,,50,334,42301,APORTACION CENTRO ASOCIADO UNED,75000.0,0.0,75000.0,0.0,0.0
,,50,334,47901,OTRAS SUBVENCIONES A EMPRESAS PRIVADAS,30000.0,0.0,30000.0,0.0,0.0
,,50,334,48108,PREMIO BLANCO AMOR,360.0,0.0,360.0,0.0,0.0
,,50,334,48900,OTRAS TRANSF.CORRIENTES A FAMILIAS E INST.SIN FINES DE LUCRO,70000.0,0.0,70000.0,0.0,0.0
,,50,334,48950,CONVENIOS NOMINATIVOS,225500.0,0.0,225500.0,0.0,0.0
,,50,334,62300,"INV.NUEVA MAQUINARIA, INSTALACIONES Y UTILLAJE",3000.0,0.0,3000.0,829.61,0.0
,,50,334,62500,INV.NUEVA MOBILIARIO Y ENSERES,1200.0,0.0,1200.0,0.0,0.0
,,50,334,63200,INV.REPOS.EDIFICIOS Y OTRAS CONSTRUCCIONES,290000.0,0.0,290000.0,0.0,0.0
,,50,334,6400016,REM./16 GASTOS EN INVERSIONES DE CARACTER INMATERIAL,0.0,12769.8,12769.8,12769.8,0.0
,,50,336,21200,REPARAC. MANTENI. EDIFICIOS Y O.CONSTRUC,2300.0,0.0,2300.0,766.15,0.0
,,50,336,21300,"REPARAC. MANTEN, Y CONS.  MAQUIN.,INST. Y UTILLAJE.",1000.0,0.0,1000.0,145.73,0.0
,,50,336,22000,Ordinario no inventariable.,1400.0,0.0,1400.0,0.0,0.0
,,50,336,22001,"Prensa, revistas, libros y otras publicaciones.",1000.0,0.0,1000.0,317.5,0.0
,,50,336,22110,Productos de limpieza y aseo.,400.0,0.0,400.0,0.0,0.0
,,50,336,22199,Otros suministros.,300.0,0.0,300.0,0.0,0.0
,,50,336,22629,CATALOGACION Y RESTAURACION DEL PATRIMONIO,4000.0,0.0,4000.0,0.0,0.0
,,50,336,22699,Otros gastos diversos,400.0,0.0,400.0,0.0,0.0
,,50,336,22700,Limpieza y aseo.,33146.6,0.0,33146.6,13811.0,0.0
,,50,336,22701,Seguridad.,109190.16,0.0,109190.16,31324.06,0.0
,,50,336,22719,EDICIONES,3000.0,0.0,3000.0,0.0,0.0
,,50,336,22752,OTROS TRABAJOS REALIZADOS OTRAS EMPRESAS PROYECTO ARTABRIA,14175.0,0.0,14175.0,5881.97,0.0
,,50,336,22799,Otros trabajos realizados por otras empresas y profes.,18174.16,0.0,18174.16,2883.53,0.0
,,50,336,62200,INV.NUEVA EDIFICIOS Y OTRAS CONSTRUCCIONES,41000.0,0.0,41000.0,0.0,0.0
,,50,336,62300,"INV.NUEVA MAQUINARIA, INSTALACIONES Y UTILLAJE",1195.0,0.0,1195.0,300.0,0.0
,,50,336,62500,INV.NUEVA MOBILIARIO Y ENSERES,1682.0,0.0,1682.0,0.0,0.0
,,50,336,6270009,REM./09 PROYECTOS COMPLEJOS,0.0,9078.51,9078.51,0.0,0.0
,,50,336,6270010,REM./10 PROYECTOS COMPLEJOS,0.0,357763.09,357763.09,0.0,0.0
,,50,336,6270011,REM./11 PROYECTOS COMPLEJOS,0.0,165944.49,165944.49,0.0,0.0
,,50,336,6270012,REM./12 PROYECTOS COMPLEJOS,0.0,48000.0,48000.0,0.0,0.0
,,50,336,6270013,REM./13 PROYECTOS COMPLEJOS,0.0,8029.87,8029.87,0.0,0.0
,,50,336,6270014,REM./14 PROYECTOS COMPLEJOS,0.0,21455.48,21455.48,0.0,0.0
,,50,336,6270015,REM./15 PROYECTOS COMPLEJOS,0.0,214506.17,214506.17,0.0,201264.61
,,50,336,63700,PROYECTOS COMPLEJOS,27000.0,0.0,27000.0,0.0,0.0
,,50,340,20300,ARRENDAMIENTO MAQUIN. INSTALAC. Y UTILL.,402.14,0.0,402.14,34.48,0.0
,,50,340,20400,ARRENDAMIENTO MATERIAL DE TRANSPORTE,4250.0,0.0,4250.0,1770.85,0.0
,,50,340,21200,REPARAC. MANTENI. EDIFICIOS Y O.CONSTRUC,100.0,0.0,100.0,0.0,0.0
,,50,340,21300,"REPARAC. MANTEN, Y CONS.  MAQUIN.,INST. Y UTILLAJE.",100.0,0.0,100.0,0.0,0.0
,,50,340,21400,REPARAC. MANTEN. Y CONSERV.  MATERIAL TRANSPORTE,100.0,0.0,100.0,0.0,0.0
,,50,340,22000,Ordinario no inventariable.,400.0,0.0,400.0,38.12,0.0
,,50,340,22001,"Prensa, revistas, libros y otras publicaciones.",350.0,0.0,350.0,0.0,0.0
,,50,340,22104,Vestuario.,1000.0,0.0,1000.0,0.0,0.0
,,50,340,22111,"Sumin. de repuestos de maquinaria, utillaje y elemtos tpte.",100.0,0.0,100.0,0.0,0.0
,,50,340,22199,Otros suministros.,100.0,0.0,100.0,97.61,0.0
,,50,340,22603,Publicación en Diarios Oficiales.,100.0,0.0,100.0,0.0,0.0
,,50,340,22706,Estudios y trabajos técnicos.,20000.0,72600.0,92600.0,0.0,0.0
,,50,340,62300,"INV.NUEVA MAQUINARIA, INSTALACIONES Y UTILLAJE",600.0,0.0,600.0,0.0,0.0
,,50,340,62500,INV.NUEVA MOBILIARIO Y ENSERES,600.0,0.0,600.0,0.0,0.0
,,50,341,20300,ARRENDAMIENTO MAQUIN. INSTALAC. Y UTILL.,3000.0,26250.0,29250.0,0.0,0.0
,,50,341,21300,"REPARAC. MANTEN, Y CONS.  MAQUIN.,INST. Y UTILLAJE.",100.0,0.0,100.0,0.0,0.0
,,50,341,21400,REPARAC. MANTEN. Y CONSERV.  MATERIAL TRANSPORTE,21900.0,0.0,21900.0,0.0,0.0
,,50,341,22000,Ordinario no inventariable.,100.0,0.0,100.0,0.0,0.0
,,50,341,22106,Productos farmacéuticos y material sanitario.,1500.0,0.0,1500.0,0.0,0.0
,,50,341,22111,"Sumin. de repuestos de maquinaria, utillaje y elemtos tpte.",7897.2,0.0,7897.2,0.0,0.0
,,50,341,22199,Otros suministros.,10850.93,0.0,10850.93,0.0,0.0
,,50,341,22602,Publicidad y propaganda.,18000.0,0.0,18000.0,3920.4,0.0
,,50,341,22630,TROFEO TERESA HERRERA,37352.07,0.0,37352.07,0.0,0.0
,,50,341,22699,Otros gastos diversos,52506.26,0.0,52506.26,13702.97,0.0
,,50,341,22767,TORNEOS DEPORTIVOS,862912.7,0.0,862912.7,130105.12,0.0
,,50,341,2276715,REM./15 TORNEOS DEPORTIVOS,0.0,170.79,170.79,0.0,170.79
,,50,341,2276716,REM./16 TORNEOS DEPORTIVOS,0.0,13335.01,13335.01,1326.7,12008.31
,,50,341,22799,Otros trabajos realizados por otras empresas y profes.,775859.35,0.0,775859.35,269397.4,0.0
,,50,341,45100,A Organismos Autónomos y agencias de las CC.AA.,37000.0,0.0,37000.0,0.0,0.0
,,50,341,48900,OTRAS TRANSF.CORRIENTES A FAMILIAS E INST.SIN FINES DE LUCRO,200000.0,0.0,200000.0,0.0,0.0
,,50,341,48950,CONVENIOS NOMINATIVOS,647000.0,0.0,647000.0,0.0,0.0
,,50,341,78050,CONVENIOS NOMINATIVOS,4174.2,0.0,4174.2,0.0,0.0
,,50,342,20300,ARRENDAMIENTO MAQUIN. INSTALAC. Y UTILL.,1000.0,0.0,1000.0,0.0,0.0
,,50,342,21200,REPARAC. MANTENI. EDIFICIOS Y O.CONSTRUC,68400.0,0.0,68400.0,0.0,0.0
,,50,342,21300,"REPARAC. MANTEN, Y CONS.  MAQUIN.,INST. Y UTILLAJE.",22200.0,0.0,22200.0,4101.9,0.0
,,50,342,22000,Ordinario no inventariable.,100.0,0.0,100.0,0.0,0.0
,,50,342,22102,Gas.,808245.72,-98850.0,709395.72,137971.18,0.0
,,50,342,22103,Combustibles y carburantes.,46540.08,0.0,46540.08,8151.44,0.0
,,50,342,22110,Productos de limpieza y aseo.,1200.0,0.0,1200.0,0.0,0.0
,,50,342,22111,"Sumin. de repuestos de maquinaria, utillaje y elemtos tpte.",5454.2,0.0,5454.2,0.0,0.0
,,50,342,22199,Otros suministros.,18590.99,0.0,18590.99,5088.34,0.0
,,50,342,22602,Publicidad y propaganda.,100.0,0.0,100.0,0.0,0.0
,,50,342,22700,Limpieza y aseo.,489524.31,0.0,489524.31,203543.82,0.0
,,50,342,22701,Seguridad.,1488813.2,0.0,1488813.2,371054.01,0.0
,,50,342,22706,Estudios y trabajos técnicos.,0.0,0.0,0.0,0.0,0.0
,,50,342,22799,Otros trabajos realizados por otras empresas y profes.,465152.06,0.0,465152.06,189576.1,0.0
,,50,342,62200,INV.NUEVA EDIFICIOS Y OTRAS CONSTRUCCIONES,100000.0,0.0,100000.0,0.0,0.0
,,50,342,62300,"INV.NUEVA MAQUINARIA, INSTALACIONES Y UTILLAJE",188999.1,0.0,188999.1,755.4,0.0
,,50,342,62500,INV.NUEVA MOBILIARIO Y ENSERES,5905.67,0.0,5905.67,0.0,0.0
,,50,342,62503,INV.NUEVA MATERIAL DEPORTIVO,15017.05,0.0,15017.05,12394.46,0.0
,,50,342,62700,PROYECTOS COMPLEJOS,381046.39,0.0,381046.39,0.0,0.0
,,50,342,63206,REHABILITACION INSTALACIONES DEPORTIVAS,872595.11,0.0,872595.11,0.0,0.0
,,50,342,6320614,REM./14 REHABILITACION INSTALACIONES DEPORTIVAS,0.0,348235.79,348235.79,0.0,331874.81
,,50,342,6320615,REM./15 REHABILITACION INSTALACIONES DEPORTIVAS,0.0,42041.87,42041.87,0.0,0.0
,,50,342,6320616,REM./16 REHABILITACION INSTALACIONES DEPORTIVAS,0.0,1161155.81,1161155.81,0.0,1161155.81
,,50,342,63300,"INV. REPOS. MAQUINARIA, INSTALACIONES Y UTILLAJE",3729.44,0.0,3729.44,0.0,0.0
,,50,3321,20203,ARREND.LOCALES S.FAMILIA (ESC.ADULTOS),32204.4,0.0,32204.4,10734.8,0.0
,,50,3321,20300,ARRENDAMIENTO MAQUIN. INSTALAC. Y UTILL.,4423.95,0.0,4423.95,1474.64,0.0
,,50,3321,21200,REPARAC. MANTENI. EDIFICIOS Y O.CONSTRUC,43000.0,0.0,43000.0,5748.97,0.0
,,50,3321,21300,"REPARAC. MANTEN, Y CONS.  MAQUIN.,INST. Y UTILLAJE.",900.0,0.0,900.0,557.17,0.0
,,50,3321,21500,"REP.,MANT. Y CONSERV. MOBILIARIO Y ENSERES",6500.0,0.0,6500.0,11583.97,0.0
,,50,3321,21600,REPARA. MANTEN. EQUIPOS PROCESOS INFORM.,50.0,0.0,50.0,0.0,0.0
,,50,3321,22000,Ordinario no inventariable.,9000.0,0.0,9000.0,4940.76,0.0
,,50,3321,22001,"Prensa, revistas, libros y otras publicaciones.",159000.0,3076.0,162076.0,33883.27,0.0
,,50,3321,22002,Material informático no inventariable.,500.0,0.0,500.0,44.48,0.0
,,50,3321,22104,Vestuario.,200.0,0.0,200.0,0.0,0.0
,,50,3321,22110,Productos de limpieza y aseo.,3000.0,0.0,3000.0,73.21,0.0
,,50,3321,22199,Otros suministros.,16100.0,0.0,16100.0,4802.28,0.0
,,50,3321,22602,Publicidad y propaganda.,3200.0,0.0,3200.0,0.0,0.0
,,50,3321,22609,Actividades culturales y deportivas,146124.5,0.0,146124.5,17762.11,0.0
,,50,3321,22628,EXPOSICIONES,50.0,0.0,50.0,2400.64,0.0
,,50,3321,22699,Otros gastos diversos,24218.5,0.0,24218.5,134.4,0.0
,,50,3321,22700,Limpieza y aseo.,220123.2,0.0,220123.2,91718.0,0.0
,,50,3321,22701,Seguridad.,89444.07,0.0,89444.07,27840.16,0.0
,,50,3321,22706,Estudios y trabajos técnicos.,49018.5,0.0,49018.5,0.0,0.0
,,50,3321,22722,CONTRATOS GESTION BIBLIOTECAS,2032927.05,0.0,2032927.05,402713.16,0.0
,,50,3321,22799,Otros trabajos realizados por otras empresas y profes.,44346.43,0.0,44346.43,10608.76,0.0
,,50,3321,62300,"INV.NUEVA MAQUINARIA, INSTALACIONES Y UTILLAJE",2516.91,0.0,2516.91,0.0,0.0
,,50,3321,62500,INV.NUEVA MOBILIARIO Y ENSERES,40900.0,0.0,40900.0,4094.1,0.0
,,50,3321,62600,INV.NUEVA EQUIPOS PARA PROCESOS DE INFORMACION,13800.0,0.0,13800.0,0.0,0.0
,,50,3321,63200,INV.REPOS.EDIFICIOS Y OTRAS CONSTRUCCIONES,131223.0,0.0,131223.0,0.0,0.0
,,50,3322,21200,REPARAC. MANTENI. EDIFICIOS Y O.CONSTRUC,2000.0,0.0,2000.0,0.0,0.0
,,50,3322,21300,"REPARAC. MANTEN, Y CONS.  MAQUIN.,INST. Y UTILLAJE.",100.0,0.0,100.0,0.0,0.0
,,50,3322,22000,Ordinario no inventariable.,2000.0,0.0,2000.0,0.0,0.0
,,50,3322,22001,"Prensa, revistas, libros y otras publicaciones.",800.0,0.0,800.0,0.0,0.0
,,50,3322,22199,Otros suministros.,500.0,0.0,500.0,0.0,0.0
,,50,3322,22609,Actividades culturales y deportivas,15000.0,0.0,15000.0,0.0,0.0
,,50,3322,22629,CATALOGACION Y RESTAURACION DEL PATRIMONIO,1500.0,0.0,1500.0,774.4,0.0
,,50,3322,22706,Estudios y trabajos técnicos.,17130.0,0.0,17130.0,0.0,0.0
,,50,3322,62300,"INV.NUEVA MAQUINARIA, INSTALACIONES Y UTILLAJE",350.0,0.0,350.0,109.9,0.0
,,50,3322,62500,INV.NUEVA MOBILIARIO Y ENSERES,100.0,0.0,100.0,0.0,0.0
,,50,3322,68500,GTOS.EN BIENES PATRIMONIALES MOBILIARIO Y ENSERES,900.0,0.0,900.0,0.0,0.0
,,50,3323,22000,Ordinario no inventariable.,1000.0,0.0,1000.0,952.74,0.0
,,50,3323,22002,Material informático no inventariable.,250.0,0.0,250.0,0.0,0.0
,,50,3323,22201,Postales.,855.0,0.0,855.0,24.78,0.0
,,50,3323,22606,"Reuniones, conferencias y cursos.",5000.0,0.0,5000.0,0.0,0.0
,,50,3323,22609,Actividades culturales y deportivas,1000.0,0.0,1000.0,640.65,0.0
,,50,3323,22699,Otros gastos diversos,1323.0,0.0,1323.0,260.94,0.0
,,50,3323,22706,Estudios y trabajos técnicos.,10850.0,0.0,10850.0,438.85,0.0
,,50,3323,22799,Otros trabajos realizados por otras empresas y profes.,726.0,0.0,726.0,726.0,0.0
,,50,3331,20300,ARRENDAMIENTO MAQUIN. INSTALAC. Y UTILL.,2000.0,0.0,2000.0,0.0,0.0
,,50,3331,20400,ARRENDAMIENTO MATERIAL DE TRANSPORTE,10500.0,0.0,10500.0,0.0,0.0
,,50,3331,21200,REPARAC. MANTENI. EDIFICIOS Y O.CONSTRUC,45000.0,0.0,45000.0,6456.07,0.0
,,50,3331,21300,"REPARAC. MANTEN, Y CONS.  MAQUIN.,INST. Y UTILLAJE.",72500.0,0.0,72500.0,16661.43,0.0
,,50,3331,21400,REPARAC. MANTEN. Y CONSERV.  MATERIAL TRANSPORTE,2960.0,0.0,2960.0,2001.24,0.0
,,50,3331,21500,"REP.,MANT. Y CONSERV. MOBILIARIO Y ENSERES",4500.0,0.0,4500.0,2955.0,0.0
,,50,3331,21600,REPARA. MANTEN. EQUIPOS PROCESOS INFORM.,1400.0,0.0,1400.0,518.0,0.0
,,50,3331,22000,Ordinario no inventariable.,1860.0,0.0,1860.0,3754.71,0.0
,,50,3331,22001,"Prensa, revistas, libros y otras publicaciones.",900.0,0.0,900.0,375.0,0.0
,,50,3331,22002,Material informático no inventariable.,2000.0,0.0,2000.0,0.0,0.0
,,50,3331,22103,Combustibles y carburantes.,24000.0,0.0,24000.0,14693.86,0.0
,,50,3331,22104,Vestuario.,1400.0,0.0,1400.0,159.14,0.0
,,50,3331,22106,Productos farmacéuticos y material sanitario.,5000.0,0.0,5000.0,1340.6,0.0
,,50,3331,22110,Productos de limpieza y aseo.,4500.0,0.0,4500.0,19.8,0.0
,,50,3331,22113,Manutención de animales.,57500.0,0.0,57500.0,17265.83,0.0
,,50,3331,22199,Otros suministros.,80000.0,0.0,80000.0,1240.05,0.0
,,50,3331,2219916,REM./16 Otros suministros.,0.0,9889.7,9889.7,7912.93,1976.77
,,50,3331,22203,Informáticas.,1200.0,0.0,1200.0,319.2,0.0
,,50,3331,22300,TRANSPORTES,2600.0,0.0,2600.0,98.0,0.0
,,50,3331,22400,PRIMAS DE SEGUROS,1500.0,0.0,1500.0,1131.46,0.0
,,50,3331,22602,Publicidad y propaganda.,5000.0,0.0,5000.0,0.0,0.0
,,50,3331,22603,Publicación en Diarios Oficiales.,50.0,0.0,50.0,0.0,0.0
,,50,3331,22606,"Reuniones, conferencias y cursos.",1000.0,0.0,1000.0,2240.34,0.0
,,50,3331,22628,EXPOSICIONES,105000.0,0.0,105000.0,232.32,0.0
,,50,3331,22699,Otros gastos diversos,90000.0,31500.0,121500.0,30880.92,0.0
,,50,3331,2269916,REM./16 Otros gastos diversos,0.0,11740.64,11740.64,0.0,11740.64
,,50,3331,22700,Limpieza y aseo.,338093.46,0.0,338093.46,115945.5,0.0
,,50,3331,22701,Seguridad.,951989.09,0.0,951989.09,261882.12,0.0
,,50,3331,22706,Estudios y trabajos técnicos.,6000.0,0.0,6000.0,3228.42,0.0
,,50,3331,22719,EDICIONES,2600.0,0.0,2600.0,0.0,0.0
,,50,3331,22799,Otros trabajos realizados por otras empresas y profes.,947993.13,0.0,947993.13,368091.7,0.0
,,50,3331,24000,GASTOS DE EDICION Y DISTRIBUCION,50.0,0.0,50.0,0.0,0.0
,,50,3331,45100,A Organismos Autónomos y agencias de las CC.AA.,20000.0,0.0,20000.0,0.0,0.0
,,50,3331,62200,INV.NUEVA EDIFICIOS Y OTRAS CONSTRUCCIONES,15000.0,0.0,15000.0,0.0,0.0
,,50,3331,62300,"INV.NUEVA MAQUINARIA, INSTALACIONES Y UTILLAJE",80000.0,0.0,80000.0,1789.37,0.0
,,50,3331,6230016,"REM./16 INV.NUEVA MAQUINARIA, INSTALACIONES Y UTILLAJE",0.0,22730.6,22730.6,5841.88,708.12
,,50,3331,62500,INV.NUEVA MOBILIARIO Y ENSERES,70000.0,0.0,70000.0,4703.71,0.0
,,50,3331,6250016,REM./16 INV.NUEVA MOBILIARIO Y ENSERES,0.0,34095.96,34095.96,0.0,15152.87
,,50,3331,62600,INV.NUEVA EQUIPOS PARA PROCESOS DE INFORMACION,26000.0,0.0,26000.0,609.76,0.0
,,50,3331,6260016,REM./16 INV.NUEVA EQUIPOS PARA PROCESOS DE INFORMACION,0.0,3056.46,3056.46,0.0,0.0
,,50,3331,63200,INV.REPOS.EDIFICIOS Y OTRAS CONSTRUCCIONES,160000.0,0.0,160000.0,3162.43,0.0
,,50,3331,6320014,REM./14 INV.REPOS.EDIFICIOS Y OTRAS CONSTRUCCIONES,0.0,8348.82,8348.82,8348.82,0.0
,,50,3331,6320016,REM./16 INV.REPOS.EDIFICIOS Y OTRAS CONSTRUCCIONES,0.0,16666.98,16666.98,0.0,16666.98
,,50,3331,63300,"INV. REPOS. MAQUINARIA, INSTALACIONES Y UTILLAJE",98000.0,0.0,98000.0,13401.18,0.0
,,50,3331,63500,INV.REPOS. MOBILIARIO Y ENSERES,53000.0,0.0,53000.0,0.0,0.0
,,50,3331,64100,ADQUISICIÓN DE SOFTWARE,7000.0,0.0,7000.0,0.0,0.0
,,50,3341,41001,INSTITUTO MUNICIPAL CORUÑA ESPECTACULOS,4540000.0,0.0,4540000.0,636666.67,0.0
,,50,3342,46701,CONSORCIO PROMOCION MUSICA,3300000.0,0.0,3300000.0,1539958.3,0.0
,,50,3343,20200,ARRENDAMIENTOS EDIFICIOS Y OTRAS CONSTR.,12071.54,0.0,12071.54,0.0,0.0
,,50,3343,21200,REPARAC. MANTENI. EDIFICIOS Y O.CONSTRUC,12000.0,0.0,12000.0,0.0,0.0
,,50,3343,21300,"REPARAC. MANTEN, Y CONS.  MAQUIN.,INST. Y UTILLAJE.",200.0,0.0,200.0,0.0,0.0
,,50,3343,21302,"REP.,MANT. Y CONS. DE INSTRUMENTOS MUSICALES Y OTROS",12000.0,0.0,12000.0,490.05,0.0
,,50,3343,22000,Ordinario no inventariable.,500.0,0.0,500.0,196.0,0.0
,,50,3343,22104,Vestuario.,10000.0,0.0,10000.0,0.0,0.0
,,50,3343,22199,Otros suministros.,2500.0,0.0,2500.0,341.88,0.0
,,50,3343,22602,Publicidad y propaganda.,6000.0,0.0,6000.0,1321.06,0.0
,,50,3343,22609,Actividades culturales y deportivas,500.0,0.0,500.0,0.0,0.0
,,50,3343,22699,Otros gastos diversos,6000.0,0.0,6000.0,1402.13,0.0
,,50,3343,22719,EDICIONES,4200.0,0.0,4200.0,484.0,0.0
,,50,3343,22721,CONTRATACION REFUERZOS BANDA MUSICA,6000.0,0.0,6000.0,11349.11,0.0
,,50,3343,22726,CONTRATO GESTION ESCUELA MUNICIPAL DE MUSICA,274000.0,0.0,274000.0,137000.0,0.0
,,50,3343,22799,Otros trabajos realizados por otras empresas y profes.,44316.91,0.0,44316.91,5687.0,0.0
,,50,3343,62300,"INV.NUEVA MAQUINARIA, INSTALACIONES Y UTILLAJE",100.0,0.0,100.0,0.0,0.0
,,50,3343,62500,INV.NUEVA MOBILIARIO Y ENSERES,20000.0,0.0,20000.0,0.0,0.0
,,51,231,20202,ARREND.LOCALES PARA CENTROS SOCIALES,20836.92,0.0,20836.92,8681.95,0.0
,,51,231,20400,ARRENDAMIENTO MATERIAL DE TRANSPORTE,11645.94,0.0,11645.94,4622.2,0.0
,,51,231,21200,REPARAC. MANTENI. EDIFICIOS Y O.CONSTRUC,70000.0,0.0,70000.0,14378.51,0.0
,,51,231,21300,"REPARAC. MANTEN, Y CONS.  MAQUIN.,INST. Y UTILLAJE.",18000.0,0.0,18000.0,10044.92,0.0
,,51,231,21500,"REP.,MANT. Y CONSERV. MOBILIARIO Y ENSERES",3000.0,0.0,3000.0,172.54,0.0
,,51,231,22000,Ordinario no inventariable.,12000.0,0.0,12000.0,4942.22,0.0
,,51,231,22001,"Prensa, revistas, libros y otras publicaciones.",29640.0,0.0,29640.0,26890.52,0.0
,,51,231,22100,Energía eléctrica.,3500.0,0.0,3500.0,0.0,0.0
,,51,231,22102,Gas.,25000.0,0.0,25000.0,6642.86,0.0
,,51,231,22103,Combustibles y carburantes.,22159.97,0.0,22159.97,17155.86,0.0
,,51,231,22110,Productos de limpieza y aseo.,50.0,0.0,50.0,0.0,0.0
,,51,231,22199,Otros suministros.,2000.0,0.0,2000.0,1009.1,0.0
,,51,231,22400,PRIMAS DE SEGUROS,800.0,0.0,800.0,611.32,0.0
,,51,231,22602,Publicidad y propaganda.,5000.0,0.0,5000.0,2031.59,0.0
,,51,231,22603,Publicación en Diarios Oficiales.,100.0,0.0,100.0,0.0,0.0
,,51,231,22606,"Reuniones, conferencias y cursos.",100.0,0.0,100.0,0.0,0.0
,,51,231,22616,ACTIVIDADES SOCIO-CULTURALES,1038787.65,15000.0,1053787.65,358300.27,0.0
,,51,231,22699,Otros gastos diversos,6000.0,0.0,6000.0,3065.84,0.0
,,51,231,22700,Limpieza y aseo.,498173.29,0.0,498173.29,174031.97,0.0
,,51,231,22701,Seguridad.,1058993.25,0.0,1058993.25,394175.86,0.0
,,51,231,22706,Estudios y trabajos técnicos.,12000.0,0.0,12000.0,0.0,0.0
,,51,231,22720,PROGRAMAS SOCIALES,1152817.89,0.0,1152817.89,250577.04,0.0
,,51,231,22723,CONTRATACIÓN DE PRESTACIÓN DE SERVICIOS SOCIALES,9906913.32,0.0,9906913.32,2225799.33,0.0
,,51,231,2272316,REM./16 CONTRATACIÓN DE PRESTACIÓN DE SERVICIOS SOCIALES,0.0,62904.37,62904.37,0.0,0.0
,,51,231,22799,Otros trabajos realizados por otras empresas y profes.,84932.92,0.0,84932.92,17374.91,0.0
,,51,231,48001,EMERGENCIA SOCIAL,747000.0,0.0,747000.0,254458.03,0.0
,,51,231,48002,RENTA SOCIAL MUNICIPAL,1645911.03,0.0,1645911.03,2130.04,0.0
,,51,231,48006,BONOTAXI AYUDAS PERSONAS CON DISCAPACIDAD PARA TPE. EN TAXI,125000.0,0.0,125000.0,25500.0,0.0
,,51,231,48007,ASOCIACION DE  TAXISTAS. AYUDAS ADAPTACION TAXIS ACCESIBLES,15000.0,0.0,15000.0,0.0,0.0
,,51,231,48050,CONVENIOS NOMINATIVOS,1785514.0,0.0,1785514.0,0.0,0.0
,,51,231,48900,OTRAS TRANSF.CORRIENTES A FAMILIAS E INST.SIN FINES DE LUCRO,100000.0,0.0,100000.0,0.0,0.0
,,51,231,48913,TURISMO SOCIAL,30000.0,0.0,30000.0,0.0,0.0
,,51,231,62300,"INV.NUEVA MAQUINARIA, INSTALACIONES Y UTILLAJE",5000.0,0.0,5000.0,254.1,0.0
,,51,231,62500,INV.NUEVA MOBILIARIO Y ENSERES,15000.0,0.0,15000.0,1271.41,0.0
,,51,231,63200,INV.REPOS.EDIFICIOS Y OTRAS CONSTRUCCIONES,200000.0,0.0,200000.0,4139.41,0.0
,,51,231,6320015,REM./15 INV.REPOS.EDIFICIOS Y OTRAS CONSTRUCCIONES,0.0,108897.58,108897.58,104525.86,0.0
,,51,231,63300,"INV. REPOS. MAQUINARIA, INSTALACIONES Y UTILLAJE",6000.0,0.0,6000.0,319.0,0.0
,,51,231,63500,INV.REPOS. MOBILIARIO Y ENSERES,3000.0,0.0,3000.0,479.16,0.0
,,51,320,21200,REPARAC. MANTENI. EDIFICIOS Y O.CONSTRUC,150.0,0.0,150.0,0.0,0.0
,,51,320,21300,"REPARAC. MANTEN, Y CONS.  MAQUIN.,INST. Y UTILLAJE.",50.0,0.0,50.0,0.0,0.0
,,51,320,22000,Ordinario no inventariable.,50.0,0.0,50.0,0.0,0.0
,,51,320,22104,Vestuario.,500.0,0.0,500.0,0.0,0.0
,,51,320,22501,Tributos de las Comunidades Autónomas.,50.0,0.0,50.0,0.0,0.0
,,51,320,22603,Publicación en Diarios Oficiales.,50.0,0.0,50.0,0.0,0.0
,,51,320,22699,Otros gastos diversos,50.0,0.0,50.0,0.0,0.0
,,51,320,62500,INV.NUEVA MOBILIARIO Y ENSERES,500.0,0.0,500.0,0.0,0.0
,,51,323,21200,REPARAC. MANTENI. EDIFICIOS Y O.CONSTRUC,487000.0,0.0,487000.0,140829.53,0.0
,,51,323,21300,"REPARAC. MANTEN, Y CONS.  MAQUIN.,INST. Y UTILLAJE.",50.0,0.0,50.0,0.0,0.0
,,51,323,22700,Limpieza y aseo.,1283628.85,0.0,1283628.85,200567.9,0.0
,,51,323,22701,Seguridad.,5000.0,0.0,5000.0,0.0,0.0
,,51,323,22706,Estudios y trabajos técnicos.,50.0,0.0,50.0,0.0,0.0
,,51,323,22760,ESCUELA INFANTIL MUNICIPAL MONTE ALTO,80984.31,0.0,80984.31,27983.25,0.0
,,51,323,22761,ESCUELA INFANTIL MUNICIPAL LOS ROSALES,252829.08,0.0,252829.08,87821.9,0.0
,,51,323,22762,ESCUELA INFANTIL MUNICIPAL OS CATIVOS,165919.08,0.0,165919.08,57112.46,0.0
,,51,323,22763,ESCUELA INFANTIL MUNICIPAL ARELA,227151.13,0.0,227151.13,80915.97,0.0
,,51,323,22764,ESCUELA INFANTIL MUNICIPAL LUIS SEOANE,171844.77,0.0,171844.77,61579.25,0.0
,,51,323,22765,ESCUELA INFANTIL MUNICIPAL CARRICANTA,227151.13,0.0,227151.13,80980.35,0.0
,,51,323,22766,ESCUELA INFANTIL MUNICIPAL MESOIRO,161968.63,0.0,161968.63,55774.05,0.0
,,51,323,22769,ESCUELA INFANTIL MUNICIPAL AGRA DEL ORZAN,161968.63,0.0,161968.63,51547.42,0.0
,,51,323,22799,Otros trabajos realizados por otras empresas y profes.,85065.63,0.0,85065.63,41412.99,0.0
,,51,323,48950,CONVENIOS NOMINATIVOS,310646.56,0.0,310646.56,0.0,0.0
,,51,323,62300,"INV.NUEVA MAQUINARIA, INSTALACIONES Y UTILLAJE",500.0,0.0,500.0,0.0,0.0
,,51,323,62500,INV.NUEVA MOBILIARIO Y ENSERES,500.0,0.0,500.0,0.0,0.0
,,51,323,63201,OBRAS DE REPOSICION EN COLEGIOS PÚBLICOS,400000.0,0.0,400000.0,1963.44,0.0
,,51,326,22626,PROG.EDUCATIVOS Y ACTIVIDADES GENERALES,300000.0,174510.0,474510.0,67299.86,0.0
,,51,326,2262615,REM./15PROG.EDUCATIVOS Y ACTIVIDADES GENERALES,0.0,22586.2,22586.2,11367.1,0.0
,,51,326,2262616,REM./16 PROG.EDUCATIVOS Y ACTIVIDADES GENERALES,0.0,10500.0,10500.0,0.0,0.0
,,51,326,22706,Estudios y trabajos técnicos.,15000.0,0.0,15000.0,891.0,0.0
,,51,326,22725,MANTENIMIENTO SEÑALIZACION HORIZONTAL,20000.0,0.0,20000.0,14369.11,0.0
,,51,326,22733,CONTRATO DE GESTION DEL PROGRAMA MADRUGADORES,25000.0,0.0,25000.0,11209.29,0.0
,,51,326,22735,PROGRAMA ENSEÑANZA DE INGLES,650000.0,0.0,650000.0,195000.0,0.0
,,51,326,22745,CONTRATOS RED INFORMÁTICA CENTROS ESC.,85000.0,0.0,85000.0,20709.92,0.0
,,51,326,45100,A Organismos Autónomos y agencias de las CC.AA.,15000.0,0.0,15000.0,0.0,0.0
,,51,326,48104,BECAS PARA MASTER PRODUCCIÓN Y GESTIÓN AUDIOVISUAL,24225.0,0.0,24225.0,0.0,0.0
,,51,326,48950,CONVENIOS NOMINATIVOS,523402.02,0.0,523402.02,0.0,0.0
,,60,241,20300,ARRENDAMIENTO MAQUIN. INSTALAC. Y UTILL.,12825.33,0.0,12825.33,267.29,0.0
,,60,241,20400,ARRENDAMIENTO MATERIAL DE TRANSPORTE,13663.32,0.0,13663.32,5693.05,0.0
,,60,241,20500,ARRENDAMIENTO MOBILIARIO Y ENSERES,4000.0,0.0,4000.0,0.0,0.0
,,60,241,21200,REPARAC. MANTENI. EDIFICIOS Y O.CONSTRUC,4000.0,0.0,4000.0,5140.84,0.0
,,60,241,21300,"REPARAC. MANTEN, Y CONS.  MAQUIN.,INST. Y UTILLAJE.",4000.0,0.0,4000.0,757.25,0.0
,,60,241,21400,REPARAC. MANTEN. Y CONSERV.  MATERIAL TRANSPORTE,1000.0,0.0,1000.0,0.0,0.0
,,60,241,21500,"REP.,MANT. Y CONSERV. MOBILIARIO Y ENSERES",100.0,0.0,100.0,0.0,0.0
,,60,241,22000,Ordinario no inventariable.,2640.0,0.0,2640.0,527.98,0.0
,,60,241,22001,"Prensa, revistas, libros y otras publicaciones.",200.0,0.0,200.0,0.0,0.0
,,60,241,22002,Material informático no inventariable.,1000.0,0.0,1000.0,0.0,0.0
,,60,241,22102,Gas.,9321.74,0.0,9321.74,2302.13,0.0
,,60,241,22199,Otros suministros.,2000.0,0.0,2000.0,336.37,0.0
,,60,241,22501,Tributos de las Comunidades Autónomas.,0.0,0.0,0.0,0.0,0.0
,,60,241,22602,Publicidad y propaganda.,5000.0,0.0,5000.0,0.0,0.0
,,60,241,22606,"Reuniones, conferencias y cursos.",10000.0,0.0,10000.0,437.36,0.0
,,60,241,22619,CURSOS DE FORMACION PARA EL EMPLEO,702249.92,0.0,702249.92,89756.18,0.0
,,60,241,22628,EXPOSICIONES,20000.0,0.0,20000.0,7260.0,0.0
,,60,241,22699,Otros gastos diversos,140000.0,0.0,140000.0,409.59,0.0
,,60,241,22700,Limpieza y aseo.,60178.14,0.0,60178.14,25074.2,0.0
,,60,241,22706,Estudios y trabajos técnicos.,5000.0,0.0,5000.0,0.0,0.0
,,60,241,22799,Otros trabajos realizados por otras empresas y profes.,115000.0,0.0,115000.0,34170.68,0.0
,,60,241,45100,A Organismos Autónomos y agencias de las CC.AA.,25000.0,0.0,25000.0,0.0,0.0
,,60,241,48950,CONVENIOS NOMINATIVOS,335000.0,0.0,335000.0,0.0,0.0
,,60,241,62300,"INV.NUEVA MAQUINARIA, INSTALACIONES Y UTILLAJE",4000.0,0.0,4000.0,268.0,0.0
,,60,241,62500,INV.NUEVA MOBILIARIO Y ENSERES,1000.0,0.0,1000.0,0.0,0.0
,,60,241,63200,INV.REPOS.EDIFICIOS Y OTRAS CONSTRUCCIONES,15000.0,0.0,15000.0,0.0,0.0
,,60,241,6320016,REM./16 INV.REPOS.EDIFICIOS Y OTRAS CONSTRUCCIONES,0.0,27710.92,27710.92,27710.92,0.0
,,60,430,22000,Ordinario no inventariable.,0.0,0.0,0.0,0.0,0.0
,,60,430,22618,PLAN DINAMIZACION COMERCIO LOCAL,645000.0,0.0,645000.0,96432.05,0.0
,,60,430,22619,CURSOS DE FORMACION PARA EL EMPLEO,10000.0,0.0,10000.0,0.0,0.0
,,60,430,22699,Otros gastos diversos,1000.0,0.0,1000.0,0.0,0.0
,,60,430,22706,Estudios y trabajos técnicos.,20000.0,0.0,20000.0,0.0,0.0
,,60,430,48900,OTRAS TRANSF.CORRIENTES A FAMILIAS E INST.SIN FINES DE LUCRO,126500.0,0.0,126500.0,0.0,0.0
,,60,430,63200,INV.REPOS.EDIFICIOS Y OTRAS CONSTRUCCIONES,150000.0,0.0,150000.0,0.0,0.0
,,60,432,22602,Publicidad y propaganda.,9000.0,0.0,9000.0,0.0,0.0
,,60,432,22706,Estudios y trabajos técnicos.,22500.0,0.0,22500.0,0.0,0.0
,,60,432,22799,Otros trabajos realizados por otras empresas y profes.,0.0,0.0,0.0,0.0,0.0
,,60,432,6320016,REM./16 INV.REPOS.EDIFICIOS Y OTRAS CONSTRUCCIONES,0.0,119722.79,119722.79,119707.62,0.0
,,60,433,20300,ARRENDAMIENTO MAQUIN. INSTALAC. Y UTILL.,350.0,0.0,350.0,0.0,0.0
,,60,433,21200,REPARAC. MANTENI. EDIFICIOS Y O.CONSTRUC,7000.0,0.0,7000.0,1449.83,0.0
,,60,433,21300,"REPARAC. MANTEN, Y CONS.  MAQUIN.,INST. Y UTILLAJE.",50.0,0.0,50.0,0.0,0.0
,,60,433,21500,"REP.,MANT. Y CONSERV. MOBILIARIO Y ENSERES",50.0,0.0,50.0,0.0,0.0
,,60,433,22000,Ordinario no inventariable.,400.0,0.0,400.0,0.0,0.0
,,60,433,22199,Otros suministros.,1000.0,0.0,1000.0,0.0,0.0
,,60,433,22602,Publicidad y propaganda.,10000.0,0.0,10000.0,0.0,0.0
,,60,433,22606,"Reuniones, conferencias y cursos.",22000.0,0.0,22000.0,602.5,0.0
,,60,433,22619,CURSOS DE FORMACION PARA EL EMPLEO,45000.0,0.0,45000.0,2773.0,0.0
,,60,433,22628,EXPOSICIONES,40000.0,0.0,40000.0,14568.17,0.0
,,60,433,22699,Otros gastos diversos,3000.0,0.0,3000.0,0.0,0.0
,,60,433,22700,Limpieza y aseo.,31503.77,0.0,31503.77,13126.6,0.0
,,60,433,22706,Estudios y trabajos técnicos.,70000.0,0.0,70000.0,0.0,0.0
,,60,433,22799,Otros trabajos realizados por otras empresas y profes.,77103.67,0.0,77103.67,13907.26,0.0
,,60,433,47000,TRANSF CTES A EMPRESAS PRIVADAS PARA FOMENTO DEL EMPLEO,50000.0,0.0,50000.0,0.0,0.0
,,60,433,48900,OTRAS TRANSF.CORRIENTES A FAMILIAS E INST.SIN FINES DE LUCRO,50000.0,0.0,50000.0,0.0,0.0
,,60,433,48950,CONVENIOS NOMINATIVOS,20000.0,0.0,20000.0,0.0,0.0
,,60,433,62300,"INV.NUEVA MAQUINARIA, INSTALACIONES Y UTILLAJE",500.0,0.0,500.0,177.65,0.0
,,60,433,62500,INV.NUEVA MOBILIARIO Y ENSERES,20000.0,0.0,20000.0,0.0,0.0
,,60,433,62700,PROYECTOS COMPLEJOS,5000.0,0.0,5000.0,0.0,0.0
,,60,433,63200,INV.REPOS.EDIFICIOS Y OTRAS CONSTRUCCIONES,5000.0,0.0,5000.0,0.0,0.0
,,60,493,21200,REPARAC. MANTENI. EDIFICIOS Y O.CONSTRUC,500.0,0.0,500.0,0.0,0.0
,,60,493,21300,"REPARAC. MANTEN, Y CONS.  MAQUIN.,INST. Y UTILLAJE.",50.0,0.0,50.0,0.0,0.0
,,60,493,21500,"REP.,MANT. Y CONSERV. MOBILIARIO Y ENSERES",50.0,0.0,50.0,0.0,0.0
,,60,493,22000,Ordinario no inventariable.,1000.0,0.0,1000.0,393.25,0.0
,,60,493,22001,"Prensa, revistas, libros y otras publicaciones.",50.0,0.0,50.0,244.38,0.0
,,60,493,22622,CAMPAÑAS INFORMATIVAS CURSOS Y OTROS,79703.0,0.0,79703.0,16963.41,0.0
,,60,493,22700,Limpieza y aseo.,5082.0,0.0,5082.0,2117.5,0.0
,,60,493,22706,Estudios y trabajos técnicos.,4000.0,0.0,4000.0,0.0,0.0
,,60,493,22799,Otros trabajos realizados por otras empresas y profes.,50.0,0.0,50.0,0.0,0.0
,,60,493,62500,INV.NUEVA MOBILIARIO Y ENSERES,100.0,0.0,100.0,0.0,0.0
,,60,4312,21200,REPARAC. MANTENI. EDIFICIOS Y O.CONSTRUC,20000.0,0.0,20000.0,0.0,0.0
,,60,4312,21300,"REPARAC. MANTEN, Y CONS.  MAQUIN.,INST. Y UTILLAJE.",900.0,0.0,900.0,2268.05,0.0
,,60,4312,22000,Ordinario no inventariable.,1.0,0.0,1.0,0.0,0.0
,,60,4312,22104,Vestuario.,1000.0,0.0,1000.0,0.0,0.0
,,60,4312,22110,Productos de limpieza y aseo.,500.0,0.0,500.0,0.0,0.0
,,60,4312,22199,Otros suministros.,200.0,0.0,200.0,432.75,0.0
,,60,4312,22618,PLAN DINAMIZACION COMERCIO LOCAL,120000.0,0.0,120000.0,6000.0,0.0
,,60,4312,22619,CURSOS DE FORMACION PARA EL EMPLEO,6000.0,0.0,6000.0,0.0,0.0
,,60,4312,22699,Otros gastos diversos,500.0,0.0,500.0,0.0,0.0
,,60,4312,22700,Limpieza y aseo.,11000.0,0.0,11000.0,2833.36,0.0
,,60,4312,22706,Estudios y trabajos técnicos.,0.0,0.0,0.0,0.0,0.0
,,60,4312,22790,RECONOCIMIENTO DE CREDITO,75000.0,0.0,75000.0,0.0,0.0
,,60,4312,22799,Otros trabajos realizados por otras empresas y profes.,312347.1,0.0,312347.1,46795.02,0.0
,,60,4312,48900,OTRAS TRANSF.CORRIENTES A FAMILIAS E INST.SIN FINES DE LUCRO,10000.0,0.0,10000.0,0.0,0.0
,,60,4312,62200,INV.NUEVA EDIFICIOS Y OTRAS CONSTRUCCIONES,1.0,0.0,1.0,0.0,0.0
,,60,4312,62300,"INV.NUEVA MAQUINARIA, INSTALACIONES Y UTILLAJE",128000.0,0.0,128000.0,0.0,0.0
,,60,4312,62500,INV.NUEVA MOBILIARIO Y ENSERES,25000.0,0.0,25000.0,7356.8,0.0
,,60,4312,62700,PROYECTOS COMPLEJOS,504829.01,0.0,504829.01,0.0,0.0
,,60,4312,6270016,REM./16 PROYECTOS COMPLEJOS,0.0,568500.0,568500.0,0.0,538331.96
,,60,4312,63200,INV.REPOS.EDIFICIOS Y OTRAS CONSTRUCCIONES,264000.0,0.0,264000.0,0.0,0.0
,,60,4312,6320016,REM./16 INV.REPOS.EDIFICIOS Y OTRAS CONSTRUCCIONES,0.0,145680.43,145680.43,0.0,0.0
,,60,4312,63300,"INV. REPOS. MAQUINARIA, INSTALACIONES Y UTILLAJE",1.0,0.0,1.0,0.0,0.0
,,60,4313,22618,PLAN DINAMIZACION COMERCIO LOCAL,25000.0,0.0,25000.0,0.0,0.0
,,60,4321,46700,TRANSFERENCIAS  CORRIENTES A CONSORCIOS,3300000.0,0.0,3300000.0,1500000.0,0.0
,,70,231,21200,REPARAC. MANTENI. EDIFICIOS Y O.CONSTRUC,9000.0,0.0,9000.0,0.0,0.0
,,70,231,21300,"REPARAC. MANTEN, Y CONS.  MAQUIN.,INST. Y UTILLAJE.",3000.0,0.0,3000.0,524.36,0.0
,,70,231,21500,"REP.,MANT. Y CONSERV. MOBILIARIO Y ENSERES",1200.0,0.0,1200.0,0.0,0.0
,,70,231,22000,Ordinario no inventariable.,1000.0,0.0,1000.0,794.64,0.0
,,70,231,22001,"Prensa, revistas, libros y otras publicaciones.",1000.0,0.0,1000.0,0.0,0.0
,,70,231,22102,Gas.,10000.0,0.0,10000.0,0.0,0.0
,,70,231,22103,Combustibles y carburantes.,7000.0,0.0,7000.0,2442.07,0.0
,,70,231,22105,Productos alimenticios.,32000.0,0.0,32000.0,11695.75,0.0
,,70,231,22106,Productos farmacéuticos y material sanitario.,3000.0,0.0,3000.0,124.98,0.0
,,70,231,22110,Productos de limpieza y aseo.,150.0,0.0,150.0,0.0,0.0
,,70,231,22199,Otros suministros.,1000.0,0.0,1000.0,1354.06,0.0
,,70,231,22602,Publicidad y propaganda.,20000.0,0.0,20000.0,5466.35,0.0
,,70,231,22616,ACTIVIDADES SOCIO-CULTURALES,55000.0,0.0,55000.0,0.0,0.0
,,70,231,22699,Otros gastos diversos,4000.0,0.0,4000.0,212.2,0.0
,,70,231,22700,Limpieza y aseo.,10092.61,0.0,10092.61,9450.78,0.0
,,70,231,22701,Seguridad.,33879.96,0.0,33879.96,14116.65,0.0
,,70,231,22706,Estudios y trabajos técnicos.,92300.0,0.0,92300.0,10333.01,0.0
,,70,231,22720,PROGRAMAS SOCIALES,773567.3,0.0,773567.3,164745.47,0.0
,,70,231,22799,Otros trabajos realizados por otras empresas y profes.,10000.0,0.0,10000.0,4666.64,0.0
,,70,231,45100,A Organismos Autónomos y agencias de las CC.AA.,80000.0,0.0,80000.0,0.0,0.0
,,70,231,46600,A OTRAS ENTIDADES QUE AGRUPEN MUNICIPIOS,60000.0,0.0,60000.0,60000.0,0.0
,,70,231,48033,PLAN MUNICIPAL PARA PERSONAS CON DISCAPACIDAD,480000.0,0.0,480000.0,0.0,0.0
,,70,231,48050,CONVENIOS NOMINATIVOS,215000.0,0.0,215000.0,0.0,0.0
,,70,231,48900,OTRAS TRANSF.CORRIENTES A FAMILIAS E INST.SIN FINES DE LUCRO,100000.0,0.0,100000.0,0.0,0.0
,,70,231,49002,OTRAS AYUDAS CORRIENTES AL EXTERIOR,75000.0,0.0,75000.0,0.0,0.0
,,70,231,62300,"INV.NUEVA MAQUINARIA, INSTALACIONES Y UTILLAJE",2000.0,0.0,2000.0,499.0,0.0
,,70,231,62500,INV.NUEVA MOBILIARIO Y ENSERES,14321.99,0.0,14321.99,1988.29,0.0
,,70,231,63200,INV.REPOS.EDIFICIOS Y OTRAS CONSTRUCCIONES,12020.79,0.0,12020.79,0.0,0.0
,,80,337,21200,REPARAC. MANTENI. EDIFICIOS Y O.CONSTRUC,10000.0,0.0,10000.0,0.0,0.0
,,80,337,21300,"REPARAC. MANTEN, Y CONS.  MAQUIN.,INST. Y UTILLAJE.",5000.0,0.0,5000.0,228.69,0.0
,,80,337,22000,Ordinario no inventariable.,1000.0,0.0,1000.0,0.0,0.0
,,80,337,22199,Otros suministros.,2000.0,0.0,2000.0,0.0,0.0
,,80,337,22400,PRIMAS DE SEGUROS,1200.0,0.0,1200.0,0.0,0.0
,,80,337,22602,Publicidad y propaganda.,10000.0,0.0,10000.0,0.0,0.0
,,80,337,22606,"Reuniones, conferencias y cursos.",15000.0,0.0,15000.0,0.0,0.0
,,80,337,22625,Programas de promoción juventud,115000.0,0.0,115000.0,10793.98,0.0
,,80,337,22628,EXPOSICIONES,3000.0,0.0,3000.0,0.0,0.0
,,80,337,22699,Otros gastos diversos,1500.0,0.0,1500.0,0.0,0.0
,,80,337,22700,Limpieza y aseo.,6234.4,0.0,6234.4,2783.19,0.0
,,80,337,22706,Estudios y trabajos técnicos.,18000.0,0.0,18000.0,0.0,0.0
,,80,337,22799,Otros trabajos realizados por otras empresas y profes.,358740.68,0.0,358740.68,86388.35,0.0
,,80,337,48110,"BECAS PROGRAMA """"DESCUBRIR LA PARTICIPACIÓN""""",1.0,0.0,1.0,0.0,0.0
,,80,337,62300,"INV.NUEVA MAQUINARIA, INSTALACIONES Y UTILLAJE",4000.0,0.0,4000.0,0.0,0.0
,,80,337,62500,INV.NUEVA MOBILIARIO Y ENSERES,4000.0,0.0,4000.0,0.0,0.0
,,80,491,22706,Estudios y trabajos técnicos.,87260.0,0.0,87260.0,0.0,0.0
,,80,491,22746,CONTRATOS ASISTENCIA EN PLANIFICACIÓN Y CONTROL,141044.02,0.0,141044.02,30298.83,0.0
,,80,491,48950,CONVENIOS NOMINATIVOS,39000.0,0.0,39000.0,0.0,0.0
,,80,491,64102,EQUIPOS Y DESARROLLOS EN WEB,375000.0,0.0,375000.0,0.0,0.0
,,80,491,6410216,REM./16 EQUIPOS Y DESARROLLOS EN EQUIPOS Y DESARROLLOS  WEB,0.0,70074.15,70074.15,0.0,70074.15
,,80,491,72300,"TRANSF.DE CAPITAL A S.M. ESTATALES, EPE Y OTROS OO PUBLICOS.",68092.95,0.0,68092.95,0.0,0.0
,,80,920,20200,ARRENDAMIENTOS EDIFICIOS Y OTRAS CONSTR.,48400.0,0.0,48400.0,20166.65,0.0
,,80,920,20300,ARRENDAMIENTO MAQUIN. INSTALAC. Y UTILL.,10182.15,0.0,10182.15,1946.66,0.0
,,80,920,20400,ARRENDAMIENTO MATERIAL DE TRANSPORTE,6640.0,0.0,6640.0,2350.0,0.0
,,80,920,21300,"REPARAC. MANTEN, Y CONS.  MAQUIN.,INST. Y UTILLAJE.",25000.0,0.0,25000.0,1393.11,0.0
,,80,920,21500,"REP.,MANT. Y CONSERV. MOBILIARIO Y ENSERES",6000.0,0.0,6000.0,217.8,0.0
,,80,920,22000,Ordinario no inventariable.,172000.0,0.0,172000.0,18992.82,0.0
,,80,920,22001,"Prensa, revistas, libros y otras publicaciones.",54000.0,0.0,54000.0,36453.45,0.0
,,80,920,22102,Gas.,320.0,0.0,320.0,111.16,0.0
,,80,920,22104,Vestuario.,5000.0,0.0,5000.0,0.0,0.0
,,80,920,22110,Productos de limpieza y aseo.,1000.0,0.0,1000.0,0.0,0.0
,,80,920,22115,OTROS MATERIAL DE REPROGRAFÍA,10000.0,0.0,10000.0,1930.8,0.0
,,80,920,22199,Otros suministros.,8100.0,0.0,8100.0,2956.22,0.0
,,80,920,22200,Servicios de Telecomunicaciones.,285000.0,0.0,285000.0,41130.0,0.0
,,80,920,22201,Postales.,254119.35,0.0,254119.35,55174.25,0.0
,,80,920,22400,PRIMAS DE SEGUROS,57348.98,0.0,57348.98,43064.8,0.0
,,80,920,22401,SEGURO DE RESPONSABILIDAD CIVIL,180000.0,0.0,180000.0,53000.0,0.0
,,80,920,22602,Publicidad y propaganda.,21780.0,0.0,21780.0,0.0,0.0
,,80,920,22603,Publicación en Diarios Oficiales.,74000.0,0.0,74000.0,15989.27,0.0
,,80,920,22604,"Jurídicos, contenciosos.",25000.0,0.0,25000.0,4911.17,0.0
,,80,920,22611,GASTOS MENORES DE CONSERJERÍA,4000.0,0.0,4000.0,299.41,0.0
,,80,920,22614,INDEMNIZACIONES VARIAS,118000.0,0.0,118000.0,66118.87,0.0
,,80,920,22699,Otros gastos diversos,80579.16,0.0,80579.16,19974.52,0.0
,,80,920,22706,Estudios y trabajos técnicos.,91710.0,0.0,91710.0,6904.78,0.0
,,80,920,22719,EDICIONES,4000.0,0.0,4000.0,0.0,0.0
,,80,920,22799,Otros trabajos realizados por otras empresas y profes.,165631.45,0.0,165631.45,66775.2,0.0
,,80,920,62300,"INV.NUEVA MAQUINARIA, INSTALACIONES Y UTILLAJE",7500.0,0.0,7500.0,1919.28,0.0
,,80,920,62500,INV.NUEVA MOBILIARIO Y ENSERES,15000.0,0.0,15000.0,508.79,0.0
,,80,920,63300,"INV. REPOS. MAQUINARIA, INSTALACIONES Y UTILLAJE",12000.0,0.0,12000.0,0.0,0.0
,,80,920,64000,GASTOS EN INVERSIONES DE CARACTER INMATERIAL,12000.0,0.0,12000.0,1307.44,0.0
,,80,922,22746,CONTRATOS ASISTENCIA EN PLANIFICACIÓN Y CONTROL,60000.0,0.0,60000.0,0.0,0.0
,,80,924,22000,Ordinario no inventariable.,2000.0,0.0,2000.0,0.0,0.0
,,80,924,22001,"Prensa, revistas, libros y otras publicaciones.",5000.0,0.0,5000.0,1053.0,0.0
,,80,924,22602,Publicidad y propaganda.,45000.0,0.0,45000.0,1343.1,0.0
,,80,924,22606,"Reuniones, conferencias y cursos.",20000.0,0.0,20000.0,2735.57,0.0
,,80,924,22613,GASTOS ELECTORALES,15000.0,0.0,15000.0,0.0,0.0
,,80,924,22700,Limpieza y aseo.,12000.0,0.0,12000.0,940.57,0.0
,,80,924,22706,Estudios y trabajos técnicos.,139000.0,0.0,139000.0,2420.0,0.0
,,80,924,22768,ACTIVIDADES DE PARTICIPACIÓN CIUDADANA,215000.0,0.0,215000.0,11205.14,0.0
,,80,924,22799,Otros trabajos realizados por otras empresas y profes.,36158.49,0.0,36158.49,7566.05,0.0
,,80,924,45100,A Organismos Autónomos y agencias de las CC.AA.,30000.0,0.0,30000.0,0.0,0.0
,,80,924,48900,OTRAS TRANSF.CORRIENTES A FAMILIAS E INST.SIN FINES DE LUCRO,40000.0,0.0,40000.0,0.0,0.0
,,80,924,48950,CONVENIOS NOMINATIVOS,36000.0,0.0,36000.0,0.0,0.0
,,80,925,22700,Limpieza y aseo.,11025.52,0.0,11025.52,4593.95,0.0
,,80,925,22750,SERVICIOS DE ATENCION TELEFÓNICA,550542.74,0.0,550542.74,182868.96,0.0
,,80,926,20600,ARRENDAMIENTO DE EQUIPOS PARA PROCESOS DE INFORMACION,212500.0,0.0,212500.0,64368.83,0.0
,,80,926,21300,"REPARAC. MANTEN, Y CONS.  MAQUIN.,INST. Y UTILLAJE.",100.0,0.0,100.0,0.0,0.0
,,80,926,21600,REPARA. MANTEN. EQUIPOS PROCESOS INFORM.,1000.0,0.0,1000.0,0.0,0.0
,,80,926,22000,Ordinario no inventariable.,170.0,0.0,170.0,0.0,0.0
,,80,926,22001,"Prensa, revistas, libros y otras publicaciones.",60.0,0.0,60.0,0.0,0.0
,,80,926,22002,Material informático no inventariable.,3000.0,0.0,3000.0,1622.49,0.0
,,80,926,22199,Otros suministros.,4000.0,0.0,4000.0,924.65,0.0
,,80,926,22203,Informáticas.,24193.95,0.0,24193.95,10080.8,0.0
,,80,926,22699,Otros gastos diversos,2500.0,0.0,2500.0,0.0,0.0
,,80,926,22706,Estudios y trabajos técnicos.,219058.94,0.0,219058.94,32106.75,0.0
,,80,926,22799,Otros trabajos realizados por otras empresas y profes.,1470974.34,0.0,1470974.34,241942.58,0.0
,,80,926,62200,INV.NUEVA EDIFICIOS Y OTRAS CONSTRUCCIONES,120000.0,0.0,120000.0,0.0,0.0
,,80,926,62300,"INV.NUEVA MAQUINARIA, INSTALACIONES Y UTILLAJE",5000.0,0.0,5000.0,454.48,0.0
,,80,926,62600,INV.NUEVA EQUIPOS PARA PROCESOS DE INFORMACION,150000.0,0.0,150000.0,10864.09,0.0
,,80,926,6260016,REM./16 INV.NUEVA EQUIPOS PARA PROCESOS DE INFORMACION,0.0,70787.92,70787.92,0.0,0.0
,,80,926,64100,ADQUISICIÓN DE SOFTWARE,383300.0,0.0,383300.0,1535.05,0.0
,,80,926,6410014,REM./14 ADQUISICIÓN DE SOFTWARE,0.0,160000.0,160000.0,0.0,0.0
,,80,933,21200,REPARAC. MANTENI. EDIFICIOS Y O.CONSTRUC,140000.0,0.0,140000.0,41624.86,0.0
,,80,933,22400,PRIMAS DE SEGUROS,70560.0,0.0,70560.0,70560.0,0.0
,,80,933,22502,Tributos de las Entidades locales.,33239.26,0.0,33239.26,0.0,0.0
,,80,933,22700,Limpieza y aseo.,520628.6,0.0,520628.6,205380.03,0.0
,,80,933,22701,Seguridad.,135325.35,0.0,135325.35,42542.99,0.0
,,80,933,22799,Otros trabajos realizados por otras empresas y profes.,49998.94,0.0,49998.94,13445.52,0.0
#TOT.,,,,,,239390000.0,14456941.99,253846941.99,59582015.06,
